{"en":"{\n  \"blog\": {\n    \"read_more\": \"Read More\",\n    \"label\": \"Blog\",\n    \"tags\": \"Categories:\",\n    \"sidebar_title\": \"Categories\"\n  },\n  \"brands\": {\n    \"empty\": \"This brand contains no products.\",\n    \"label\": \"Brands\",\n    \"view_brands\": \"View all brands\"\n  },\n  \"cart\": {\n    \"items\": \"{NUM, plural, =0{(0 items)} one {(# item)} other {(# items)}}\",\n    \"quantity_in_cart\": \"{quantity} x {at_price}\",\n    \"label\": \"Cart\",\n    \"shopping_cart\": \"Your Cart\",\n    \"quantity\": \"Quantity\",\n    \"subtotal\": \"Subtotal\",\n    \"discount\": \"Discount\",\n    \"grand_total\": \"Grand Total\",\n    \"totals\": \"Order Totals\",\n    \"empty\": \"Your cart is empty.\",\n    \"change\": \"Change\",\n    \"checkout\": \"Checkout\",\n    \"checkout_multiple\": \"or checkout out with multiple addresses\",\n    \"update\": \"Update\",\n    \"out_of_stock\": \"Sorry, we do not have that many in stock.\",\n    \"error\": \"Sorry, there seems to have been an error. Please try again.\",\n    \"product\": {\n      \"increase\": \"Increase\",\n      \"decrease\": \"Decrease\",\n      \"remove\": \"Remove\",\n      \"total\": \"Total\"\n    },\n    \"coupon_codes\": {\n      \"enter_code\": \"Coupon code\",\n      \"add_code\": \"Add Code\",\n      \"hide_coupons\": \"Hide\",\n      \"coupon_code\": \"Enter your coupon code\",\n      \"coupon_code_label\": \"Coupon: {code}\",\n      \"empty_error\": \"Please enter your coupon code.\",\n      \"submit\": \"Apply\",\n      \"remove\": \"Remove\"\n    },\n    \"shipping_calculator\": {\n      \"title\": \"Shipping\",\n      \"add_info\": \"Add Info\",\n      \"hide_calculator\": \"Hide Calculator\",\n      \"select_a_country\": \"Select a Country\",\n      \"select_a_state\": \"Select a State\",\n      \"estimate_shipping\": \"Estimate Shipping\",\n      \"zip_postal_code\": \"Zip/Postcode\",\n      \"select\": \"Select\"\n    },\n    \"gift_certificates\": {\n      \"title\": \"Gift Certificate\",\n      \"giftcert\": \"Gift Certificate: {code}\",\n      \"add_certificate\": \"Enter Gift Certificate\",\n      \"edit_before_purchase\": \"Update Information\",\n      \"add_cert_label\": \"Redeem\",\n      \"cancel\": \"Cancel\",\n      \"empty_error\": \"You cannot submit with an empty gift certificate\",\n      \"invalid_error\": \"Please enter a valid gift certificate\",\n      \"remove\": \"Remove\"\n    },\n    \"gift_wrapping\": {\n      \"title\": \"Gift Wrapping\",\n      \"type_of_wrapping\": \"Gift Wrapping:\",\n      \"add\": \"Add Gift Wrapping\",\n      \"change\": \"Change\",\n      \"remove\": \"Remove\",\n      \"choose_how\": \"Please choose how you'd like to have this item gift wrapped.\",\n      \"item_single\": \"Wrap all in:\",\n      \"item_multiple\": \"Wrap item {index} in:\",\n      \"option_same\": \"Wrap each item using the same wrapping options\",\n      \"option_different\": \"Use different wrapping options for each item\",\n      \"choose_type\": \"Choose a gift wrap\",\n      \"gift_message\": \"Gift Message:\",\n      \"preview\": \"Wrapping preview\"\n    }\n  },\n  \"category\": {\n    \"empty\": \"This category contains no products.\"\n  },\n  \"common\": {\n    \"active_currency\": \"Currency\",\n    \"currency_converter\": \"Currency:\",\n    \"form_submit\": \"Submit\",\n    \"required\": \"*\",\n    \"email_address\": \"Email Address\",\n    \"edit\": \"Edit\",\n    \"no\": \"No\",\n    \"yes\": \"Yes\",\n    \"cancel\": \"Cancel\",\n    \"close\": \"Close\",\n    \"share\": \"Share\",\n    \"previous\": \"Previous\",\n    \"next\": \"Next\",\n    \"header\": {\n      \"view\": \"View {name}\",\n      \"view_all\": \"View all {name}\"\n    }\n  },\n  \"compare\": {\n    \"heading\": \"{ num_compare, plural, one {Comparing # product} other {Comparing # products} }\",\n    \"clear_compare\": \"Clear Selection\",\n    \"compare_submit\": \"Compare\",\n    \"rating\": \"Rating\",\n    \"description\": \"Description\",\n    \"additional_information\": \"Additional Information\"\n  },\n  \"gift_certificate\": {\n    \"heading\": \"Gift Certificates\",\n    \"purchase\": {\n      \"heading\": \"Purchase A Gift Certificate\",\n      \"from_name\": \"Your Name\",\n      \"to_name\": \"Recipient's Name\",\n      \"from_email\": \"Your Email\",\n      \"to_email\": \"Recipient's Email\",\n      \"amount\": \"Amount\",\n      \"custom_range\": \"From {min} to {max}\",\n      \"expiry\": \"I understand that Gift Certificates expire after {days, plural, one{# day} other{# days}}\",\n      \"non_refundable\": \"I agree that Gift Certificates are nonrefundable\",\n      \"message\": \"Optional Message\",\n      \"theme\": \"Theme\",\n      \"submit\": \"Add to Cart\",\n      \"agree_to_terms\": \"You must agree to our gift certificate terms before purchasing.\"\n    },\n    \"redeem\": {\n      \"heading\": \"Redeem A Gift Certificate\",\n      \"message\": \"To redeem a gift certificate at {store_name}, follow the simple steps below.\",\n      \"item1\": \"You need your unique gift certificate code, which is part of the gift certificate that was emailed to you as an attachment. It will look something like Z50-Y6K-COS-402.\",\n      \"item2\": \"Browse the store and add items to your cart as you normally would.\",\n      \"item3\": \"Head to your shopping cart.\",\n      \"item4\": \"Type your gift certificate code in to the 'Redeem Gift Certificate' box and click 'Go'.\"\n    },\n    \"balance\": {\n      \"heading\": \"Check A Gift Certificate Balance\",\n      \"message\": \"You can check the balance of a gift certificate by typing the code in to the box below.\",\n      \"balance\": \"Balance\",\n      \"code\": \"Gift Certificate Code\",\n      \"submit\": \"Check\"\n    }\n  },\n  \"account_general\": {\n    \"logged_in_as\": \"Logged in as {name}\",\n    \"log_out\": \"Logout\",\n    \"log_in\": \"Login\",\n    \"sign_up\": \"Register\",\n    \"view_cart\": \"View cart\",\n    \"your_account\": \"Your Account\"\n  },\n  \"home\": {\n    \"heading\": \"Home\",\n    \"new_products\": \"New Products\"\n  },\n  \"contact\": {\n    \"full_name\": \"Full Name\",\n    \"full_name_placeholder\": \"Full Name\",\n    \"phone\": \"Phone Number\",\n    \"phone_placeholder\": \"Phone Number\",\n    \"email\": \"Email Address\",\n    \"email_placeholder\": \"Email Address\",\n    \"order\": \"Order Number\",\n    \"order_placeholder\": \"Order Number\",\n    \"company\": \"Company Name\",\n    \"company_placeholder\": \"Company Name\",\n    \"rma\": \"RMA Number\",\n    \"rma_placeholder\": \"RMA Number\",\n    \"captcha\": \"Are you human?\",\n    \"captcha_desc\": \"Please copy the characters from the image into the text field below. Doing this helps us prevent automated submissions.\",\n    \"question\": \"Comments/Questions\",\n    \"question_placeholder\": \"Enter your comments here\",\n    \"submit\": \"Submit Message\",\n    \"successful\": \"We've received your feedback and will respond shortly if required. <a href=\\\"{shopPath}\\\">Continue</a>.\"\n  },\n  \"forms\": {\n    \"required\": \"Required\",\n    \"range\": \"You need to enter numbers only between: {limitFrom} and {limitTo}\",\n    \"address\": {\n      \"add\": {\n        \"heading\": \"Add New Address\",\n        \"description\": \"Use the form below to change any/all details of your shipping address. Click the 'Save Address' button when you are done.\"\n      },\n      \"edit\": {\n        \"heading\": \"Update Address\"\n      },\n      \"submit_value\": \"Save Address\"\n    },\n    \"validation\": {\n      \"all_fields\": \"Please fill in all of the fields.\",\n      \"required\": \"This field is required.\",\n      \"required_rating\": \"You must rate this product\",\n      \"required_comment\": \"You must leave a comment\",\n      \"email\": \"Your E-mail address appears to be invalid.\",\n      \"number\": \"You can enter only numbers in this field.\",\n      \"num_max\": \"Please enter a number less than {max}.\",\n      \"num_min\": \"Please enter a number greater than {min}.\",\n      \"num_range\": \"Please enter a number greater than {min} and less than {max}.\",\n      \"max_length\": \"Maximum {count} characters allowed.\",\n      \"min_length\": \"Minimum {count} characters allowed.\",\n      \"max_checked\": \"Maximum {count} options allowed.\",\n      \"min_checked\": \"Please select minimum {count} options.\",\n      \"max_selected\": \"Maximum {count} selection allowed.\",\n      \"min_selected\": \"Minimum {count} selection allowed.\",\n      \"not_equal\": \"Fields do not match.\",\n      \"different\": \"Fields cannot be the same as each other.\",\n      \"pick_theme\": \"Please select a theme.\",\n      \"terms_agree\": \"You must agree to these terms before continuing.\",\n      \"phone\": \"Please enter a valid phone number (including your area code)\",\n      \"rating\": \"You must enter a rating.\",\n      \"country\": \"The Country field cannot be blank.\",\n      \"state\": \"The State/Province field cannot be blank\"\n    },\n    \"swatches_none_selected\": \"None Selected\",\n    \"date\": {\n      \"day\": \"Day\",\n      \"month\": \"Month\",\n      \"year\": \"Year\",\n      \"bounds\": \"Must be between {start_date} and {end_date}\"\n    },\n    \"file\": {\n      \"types\": \"The allowed file types are {file_types}.\"\n    }\n  },\n  \"page\": {\n    \"alt_label\": \"Pages\",\n    \"label\": \"Information\"\n  },\n  \"product\": {\n    \"add_to_cart\": \"Add to Cart\",\n    \"add_to_cart_progress\": \"Adding...\",\n    \"add_to_wishlist\": \"Add to Wishlist\",\n    \"availability\": \"Availability\",\n    \"cart_link\": \"cart\",\n    \"checkout_link\": \"check out\",\n    \"choose_an_option\": \"Please choose an option\",\n    \"choose_options\": \"Choose Options\",\n    \"compare\": \"Compare\",\n    \"condition\": \"Condition\",\n    \"description\": \"Description\",\n    \"error_message_stock\": \"Unfortunately, we do not have *quantity* in stock.\",\n    \"error_message_general\": \"We were unable to add this product to your cart. Please try again later. Contact us if you continue to have issues.\",\n    \"error_message_quantity\": \"We were unable to add this product to your cart. Please try again later. Contact us if you continue to have issues.\",\n    \"filetypes\": \"file types are\",\n    \"pick_one\": \"Pick one\",\n    \"gift_wrapping\": \"Gift wrapping:\",\n    \"gift_wrapping_available\": \"Options available\",\n    \"continue_shopping\": \"continue shopping\",\n    \"image_coming_soon\": \"Image Coming Soon\",\n    \"label\": \"Products\",\n    \"max_filesize\": \"Maximum file size is\",\n    \"none\": \"None\",\n    \"pre_order\": \"Pre-Order\",\n    \"price_with_tax\": \"{price} (Inc. {tax_label})\",\n    \"price_without_tax\": \"{price} (Ex. {tax_label})\",\n    \"excluding_tax\": \"(Exc. Tax)\",\n    \"including_tax\": \"(Inc. Tax)\",\n    \"option_unavailable\": \"This option is currently unavailable.\",\n    \"quantity\": \"Quantity\",\n    \"quick_view\": \"Quick View\",\n    \"retail_price\": \"MSRP {price}\",\n    \"current_stock\": \"Current Stock:\",\n    \"preview_variation\": \"Preview Variation\",\n    \"sold_out\": \"Sold Out\",\n    \"related_products\": \"Related products\",\n    \"select_an_option\": \"Please Choose An Option\",\n    \"success\": \"*product* has been successfully added to your *cart_link*. Feel free to *continue_link* or *checkout_link*.\",\n    \"success_alert\": \"*product* has been successfully added to your cart.\",\n    \"sku\": \"SKU:\",\n    \"depth\": \"Depth:\",\n    \"gtin\": \"GTIN:\",\n    \"width\": \"Width:\",\n    \"height\": \"Height:\",\n    \"weight\": \"Weight:\",\n    \"measurement\": {\n      \"metric\": \"cm\",\n      \"imperial\": \"in\"\n    },\n    \"mpn\": \"MPN:\",\n    \"warranty\": \"Warranty:\",\n    \"detail_messages\": \"Details:\",\n    \"shipping\": \"Shipping Cost:\",\n    \"shipping_calculated\": \"Calculated at Checkout\",\n    \"shipping_fixed\": \"{amount} (Fixed Shipping Cost)\",\n    \"shipping_free\": \"Free Shipping\",\n    \"select_one\": \"Please select one\",\n    \"view_full_details\": \"View Full Details\",\n    \"you_save\": \"You save\",\n    \"videos_section\": \"{total, plural, =0{No Videos} one {Video} other {Videos}}\",\n    \"bulk_pricing\": {\n      \"title\": \"Bulk Pricing Available\",\n      \"range\": \"Buy {min} {max, plural, =0{or above} other {- #}}\",\n      \"percent\": \"and get {discount} off\",\n      \"price\": \"and get {discount} off\",\n      \"fixed\": \"and pay only {discount} each\"\n    },\n    \"product_item_actions\": {\n      \"sale\": \"On Sale\",\n      \"sold_out\": \"Sold Out\"\n    },\n    \"reviews\": {\n      \"posted_on_by\": \"{name} on {date}\",\n      \"posted_on\": \"{date}\",\n      \"number_reviews\": \"{total, plural, =0{No Reviews} one {Review} other {Reviews}}\",\n      \"hide_reviews\": \"Hide Reviews\",\n      \"show_reviews\": \"Show Reviews\",\n      \"plural\": \"Reviews\",\n      \"singular\": \"Review\",\n      \"customer_reviews\": \"Customer Reviews\",\n      \"write_review\": \"Write a Review\",\n      \"no_reviews\": \"No reviews.\",\n      \"leave_review\": \"Leave a Review\",\n      \"stars_count\": \"{NUM, plural, one {# Star} other {# Stars}}\",\n      \"form\": {\n        \"select_a_rating\": \"Select a Rating\",\n        \"name\": \"Name\",\n        \"subject\": \"Subject\",\n        \"email\": \"Email Address\",\n        \"comments\": \"Comments\",\n        \"captcha\": \"Security Question\",\n        \"submit\": \"Submit Review\",\n        \"cancel\": \"Cancel\"\n      },\n      \"errors\": {\n        \"general\": \"Please fill in all of the fields.\"\n      }\n    }\n  },\n  \"product_featured\": {\n    \"heading\": \"Featured Products\",\n    \"no_products\": \"Sorry, there are currently no featured products\"\n  },\n  \"product_new\": {\n    \"heading\": \"New Products\",\n    \"no_products\": \"Sorry, there are currently no new products\"\n  },\n  \"product_top\": {\n    \"heading\": \"Popular Products\",\n    \"no_products\": \"Sorry, there are currently no popular products to show\"\n  },\n  \"search\": {\n    \"label\": \"Search\",\n    \"no_results\": \"Sorry, \\\"{query}\\\" didn't return any results.\",\n    \"no_search\": \"You haven't yet made a search.\",\n    \"products\": \"Products\",\n    \"content\": \"Content\",\n    \"quick_search\": {\n      \"input_label\": \"Search\",\n      \"input_placeholder\": \"Search the store\"\n    },\n    \"results\": {\n      \"label\": \"Search results for \\\"{query}\\\"\",\n      \"form_label\": \"Search Keyword:\",\n      \"form_button_text\": \"Search\",\n      \"count\": \"{ num_products, plural, one {# result} other {# results} } for '{ search_query }'\"\n    }\n  },\n  \"sidebar_filters\": {\n    \"current_filters\": \"Current Filters\",\n    \"empty_facet\": \"The current list of products does not contain this data.\",\n    \"clear_filters\": \"Clear\",\n    \"max_price\": \"Max\",\n    \"min_price\": \"Min\",\n    \"update\": \"Update\",\n    \"sort\": {\n      \"sort_by\": \"Sort By\",\n      \"featured\": \"Featured\",\n      \"newest\": \"Newest\",\n      \"top_sellers\": \"Top Sellers\",\n      \"alpha_asc\": \"A-Z\",\n      \"alpha_desc\": \"Z-A\",\n      \"rating\": \"Rating\",\n      \"price_asc\": \"Price: Low to High\",\n      \"price_desc\": \"Price: High to Low\",\n      \"relevance\": \"Relevance\"\n    },\n    \"show_more\": \"Show More\",\n    \"show_less\": \"Show Less\",\n    \"hide_more\": \"Hide Extras\"\n  },\n  \"sorter\": {\n    \"alpha_asc\": \"A to Z\",\n    \"alpha_desc\": \"Z to A\",\n    \"featured\": \"Featured\",\n    \"newest\": \"Newest\",\n    \"price_asc\": \"Price: Ascending\",\n    \"price_desc\": \"Price: Descending\",\n    \"relevance\": \"Relevance\",\n    \"reviews\": \"By Review\",\n    \"sort_by\": \"Sort by:\",\n    \"top_sellers\": \"Top sellers\"\n  },\n  \"twitter\": {\n    \"label\": \"Twitter\"\n  },\n  \"footer\": {\n    \"mailing_list\": \"Join our mailing list\",\n    \"mailing_list_blurb\": \"We promise to send only good things.\",\n    \"theme_attribution\": \"{theme_name} theme by {developed}, powered by {powered_by}.\"\n  },\n  \"newsletter\": {\n    \"subscribed_heading\": \"Join our mailing list\",\n    \"subscribed_heading_success\": \"You've signed up!\",\n    \"subscribed_heading_error\": \"Oops...\",\n    \"subscribed_message\": \"Thanks! We promise to send only good things.\",\n    \"unsubscribed_heading\": \"Good bye!\",\n    \"unsubscribed_subheading\": \"Unsubscribed\",\n    \"unsubscribed_message\": \"You will no longer receive marketing emails from <b>{store_name}</b>\"\n  },\n  \"unavailable\": {\n    \"hibernation_title\": \"We'll be back\",\n    \"hibernation_message\": \"Thanks for visiting. Our store is currently unavailable. We apologize for any inconvenience caused.\",\n    \"maintenance_title\": \"Down for Maintenance\",\n    \"maintenance_message\": \"This store is currently unavailable due to maintenance. It should be available again shortly. We apologize for any inconvenience caused.\"\n  },\n  \"error_pages\": {\n    \"page_403\": {\n      \"heading\": \"403 Error - Forbidden\",\n      \"message\": \"Sorry, you don't have access to this page. Please <a href='{home_url}'>click here</a> to continue shopping.\"\n    },\n    \"page_404\": {\n      \"heading\": \"404 Error - Page not found\",\n      \"message\": \"We can't find the page you are looking for. Please <a href='{home_url}'>click here</a> to continue shopping.\"\n    },\n    \"page_500\": {\n      \"heading\": \"500 Error - Internal error\",\n      \"message\": \"Uh oh, looks like something went wrong. Please <a href='{home_url}'>click here</a> to continue shopping.\"\n    },\n    \"generic\": {\n      \"heading\": \"Something went wrong\",\n      \"message\": \"Sorry, something went wrong when attempting to build this page. Please <a href='{home_url}'>click here</a> to continue shopping.\"\n    }\n  },\n  \"sitemap\": {\n    \"heading\": \"Sitemap\",\n    \"show_all\": \"Show All\"\n  },\n  \"checkout\": {\n    \"order\": {\n      \"heading\": \"Order Complete\",\n      \"message\": \"Congratulations! Your order is complete.\"\n    }\n  },\n  \"rss\": {\n    \"intro\": \"RSS feeds are used for syndicating regularly changing content on a web site, including this one. You can open an RSS feed using an RSS reader and use it to see if there is any new content on this site or you can set up a server-side script to parse the feed and display it on your web site.\",\n    \"heading\": \"RSS Syndication\",\n    \"blog\": {\n      \"heading\": \"Recent Blog Posts\",\n      \"intro\": \"The recent post feed contains the latest {limit} blog posts published on {store}.\",\n      \"rss\": \"Latest {limit} Blog Posts (RSS)\",\n      \"rss_atom\": \"Latest {limit} Blog Posts (Atom)\"\n    },\n    \"products\": {\n      \"new\": {\n        \"heading\": \"New Products\",\n        \"intro\": \"The latest products feed contains the latest {limit} products added to {store}.\",\n        \"rss\": \"Latest {limit} New Products (RSS)\",\n        \"rss_atom\": \"Latest {limit} New Products (Atom)\"\n      },\n      \"popular\": {\n        \"heading\": \"Popular Products\",\n        \"intro\": \"The popular products feed contains the top {limit} most popular products on {store} as rated by users.\",\n        \"rss\": \"Latest {limit} Popular Products (RSS)\",\n        \"rss_atom\": \"Latest {limit} Popular Products (Atom)\"\n      },\n      \"featured\": {\n        \"heading\": \"Featured Products\",\n        \"intro\": \"The featured products feed contains the latest {limit} featured products on {store}.\",\n        \"rss\": \"Latest {limit} Featured Products (RSS)\",\n        \"rss_atom\": \"Latest {limit} Featured Products (Atom)\"\n      }\n    },\n    \"search\": {\n      \"heading\": \"Product Searches\",\n      \"intro1\": \"Product search feeds allow you to save your custom product searches as syndication feed that will always update when there are new results.\",\n      \"intro2\": \"To create a product search feed, perform a standard search on {store} and at the bottom of the page click on one of the syndication options.\"\n    }\n  },\n  \"core\": {\n    \"amp\": {\n      \"footer\": {\n        \"brands\": \"Brands\",\n        \"call_us\": \"Call us at {phone_number}\",\n        \"categories\": \"Categories\",\n        \"contact\": \"Contact\",\n        \"pages\": \"Pages\",\n        \"sitemap_title\": \"Sitemap\"\n      },\n      \"header\": {\n        \"account\": \"Account\",\n        \"addresses\": \"Addresses\",\n        \"all\": \"All\",\n        \"currency\": \"Currency: {code}\",\n        \"gift_certificate\": \"Gift Certificate\",\n        \"login\": \"Login\",\n        \"logout\": \"Logout\",\n        \"menu_close\": \"Menu close\",\n        \"menu_open\": \"Menu open\",\n        \"messages\": \"Messages\",\n        \"orders\": \"Orders\",\n        \"recently_viewed\": \"Recently viewed\",\n        \"returns\": \"Returns\",\n        \"search\": \"Search\",\n        \"search_empty\": \"Search field empty\",\n        \"settings\": \"Settings\",\n        \"sign_up\": \"Sign Up\",\n        \"store_credit\": \"You have {store_credit} of store credit. To use it, simply place your order and you will be able to choose store credit as the payment method when it comes time to pay for your order.\",\n        \"wishlists\": \"Wishlists\"\n      },\n      \"no_products\": \"No Products\",\n      \"product\": {\n        \"atc\": \"Add to Cart\",\n        \"choose_options\": \"Choose Options\",\n        \"description\": \"Description\",\n        \"pre_order\": \"Pre Order\",\n        \"quantity\": \"Quantity\",\n        \"reviews\": \"{num} Reviews\",\n        \"reviews_post_on_by\": \"Posted by { name } on { date }\",\n        \"share\": \"Share\",\n        \"sold_out\": \"Sold Out\",\n        \"videos\": \"Videos\"\n      },\n      \"subcategories\": \"Subcategories\",\n      \"view_all\": \"View All\"\n    },\n    \"pagination\": {\n      \"page\": \"Page\",\n      \"of\": \"of\",\n      \"previous\": \"Previous\",\n      \"next\": \"Next\"\n    },\n    \"product\": {\n      \"compare\": \"Compare\",\n      \"none\": \"None\",\n      \"pick_one\": \"Pick one\",\n      \"quickshop\": {\n        \"view\": \"Quick View\"\n      },\n      \"sale\": \"On Sale\",\n      \"sold_out\": \"Sold Out\",\n      \"zoom\": {\n        \"close\": \"Close (Esc)\",\n        \"share\": \"Share\",\n        \"fullscreen\": \"Toggle fullscreen\",\n        \"zoom_action\": \"Zoom in/out\",\n        \"previous\": \"Previous (arrow left)\",\n        \"next\": \"Next (arrow right)\"\n      }\n    },\n    \"rating\": {\n      \"total_votes\": \"({votes})\"\n    },\n    \"price\": {\n      \"from\": \"From\",\n      \"with_tax\": \"(Inc. {tax_label})\",\n      \"without_tax\": \"(Ex. {tax_label})\",\n      \"you_save\": \"(You save {amount})\"\n    },\n    \"contact\": {\n      \"full_name\": \"Full Name\",\n      \"full_name_placeholder\": \"Full Name\",\n      \"phone\": \"Phone Number\",\n      \"phone_placeholder\": \"Phone Number\",\n      \"email\": \"Email Address\",\n      \"email_placeholder\": \"Email Address\",\n      \"order\": \"Order Number\",\n      \"order_placeholder\": \"Order Number\",\n      \"company\": \"Company Name\",\n      \"company_placeholder\": \"Company Name\",\n      \"rma\": \"RMA Number\",\n      \"rma_placeholder\": \"RMA Number\",\n      \"captcha\": \"Are you human?\",\n      \"captcha_placeholder\": \"Captcha\",\n      \"question\": \"Comments/Questions\",\n      \"question_placeholder\": \"Enter your comments here\",\n      \"submit\": \"Submit Message\",\n      \"successful\": \"We've received your feedback and will respond shortly if required. <a href=\\\"{shopPath}\\\">Continue</a>.\"\n    },\n    \"giftcard\": {\n      \"heading\": \"Gift Certificates\",\n      \"purchase\": {\n        \"heading\": \"Purchase Gift Certificate\",\n        \"subheading\": \"This gift certificate will be emailed to the recipient after your order has been paid for.\",\n        \"to_name\": \"Recipient's Name\",\n        \"to_email\": \"Recipient's Email\",\n        \"from_name\": \"Your Name\",\n        \"from_email\": \"Your Email\",\n        \"message\": \"Message (optional)\",\n        \"amount\": \"Amount\",\n        \"preview\": \"Preview Theme\",\n        \"theme\": \"Gift Certificate Theme\",\n        \"custom_range\": \"(Value must be between {min} and {max})\",\n        \"agree\": \"I understand that Gift Certificates expire after {days, plural, one {1 day} other {# days}}\",\n        \"agree2\": \"I agree that Gift Certificates are nonrefundable\",\n        \"submit_value\": \"Add Gift Certificate to Cart\",\n        \"update_value\": \"Update Gift Certificate\"\n      },\n      \"balance\": {\n        \"heading\": \"Check Gift Certificate Balance\",\n        \"subheading\": \"You can check the balance of a gift certificate by typing the code in to the box below.\",\n        \"code\": \"Gift Certificate Code\",\n        \"submit_value\": \"Check Balance\"\n      },\n      \"redeem\": {\n        \"heading\": \"Redeem Gift Certificate\",\n        \"subheading\": \"To redeem a gift certificate at {store_name}, follow the simple steps below.\",\n        \"item1\": \"You need your unique gift certificate code, which is part of the gift certificate that was emailed to you as an attachment. It will look something like Z50-Y6K-COS-402.\",\n        \"item2\": \"Browse the store and add items to your cart as you normally would.\",\n        \"item3\": \"Click the '<a href=\\\"{cart_url}\\\">View Cart</a>' link to view the contents of your shopping cart.\",\n        \"item4\": \"Type your gift certificate code in to the 'Redeem Gift Certificate' box and click 'Go'.\"\n      }\n    },\n    \"account\": {\n      \"common\": {\n        \"yes\": \"Yes\",\n        \"no\": \"No\",\n        \"edit\": \"Edit\",\n        \"delete\": \"Delete\",\n        \"share\": \"Share\",\n        \"required\": \"Required\",\n        \"cancel\": \"Cancel\",\n        \"store_credit\": \"You have <strong>{store_credit}</strong> of store credit. To use it, simply place your order and you will be able to choose store credit as the payment method when it comes time to pay for your order.\"\n      },\n      \"menu\": {\n        \"orders\": \"Orders\",\n        \"returns\": \"Returns\",\n        \"addresses\": \"Addresses\",\n        \"wishlists\": \"Wishlists\",\n        \"recently_viewed\": \"Recently Viewed\",\n        \"settings\": \"Account Settings\",\n        \"messages\": \"Messages\"\n      },\n      \"receipt\": {\n        \"heading\": \"Order #{number}\",\n        \"billing_title\": \"Bill To\",\n        \"shipping_title\": \"Ship To\",\n        \"ship_to_multi_text\": \"Order will be shipped to multiple addresses.\",\n        \"actions\": {\n          \"print_invoice\": \"Print Invoice\",\n          \"reorder_items\": \"Reorder\",\n          \"return_items\": \"Request Return\"\n        },\n        \"items\": {\n          \"title\": \"Items\",\n          \"product_title\": \"{quantity} × {name}\",\n          \"options\": \"Options\",\n          \"customizations\": \"Customizations\",\n          \"gift_wrapping\": \"Gift wrapping\",\n          \"refunded\": \"Refunded\",\n          \"reorder\": \"Reorder\",\n          \"download\": \"Download items\"\n        },\n        \"shipments\": {\n          \"title\": \"Shipments\",\n          \"date\": \"Date\",\n          \"provider\": \"Provider\",\n          \"link\": \"Tracking Number\"\n        }\n      },\n      \"return\": {\n        \"heading\": \"Return Items from Order #{id}\",\n        \"empty\": \"This order contains no products that can be returned. Have you already returned all of the items within this order?\",\n        \"order_item\": \"Item\",\n        \"item_price\": \"Price\",\n        \"quantity\": \"Qty To Return\",\n        \"reason\": \"Return Reason\",\n        \"action\": \"Return Action\",\n        \"comments\": \"Comments\",\n        \"request_return\": \"Submit Return Request\"\n      },\n      \"download\": {\n        \"heading\": \"{name} (#{number})\",\n        \"expired\": \"File has expired\",\n        \"days_remaining\": \"{days} days remaining\",\n        \"downloads_remaining\": \"{downloads} downloads remaining\"\n      },\n      \"invoice\": {\n        \"heading\": \"Order #{number}\",\n        \"billing_title\": \"Bill To\",\n        \"product_title\": \"Item\",\n        \"quantity_title\": \"Quantity\",\n        \"price_title\": \"Price\",\n        \"giftwrap\": \"Giftwrapping\",\n        \"quantity\": \"{quantity} × {price}\"\n      },\n      \"orders\": {\n        \"heading_all\": \"Orders\",\n        \"heading_completed\": \"Completed Orders\",\n        \"view_all\": \"View All\",\n        \"items\": {\n          \"number\": \"Order #{number}\",\n          \"description\": \"{num_products, plural, one {1 item} other {# items}} totaling {cost}\",\n          \"placed\": \"Placed On\",\n          \"updated\": \"Updated On\",\n          \"empty\": \"You haven't placed any orders yet.\"\n        }\n      },\n      \"addresses\": {\n        \"heading\": \"Addresses\",\n        \"add_heading\": \"Add New Address\",\n        \"edit_heading\": \"Edit Address\",\n        \"primary\": \"Primary\",\n        \"phone\": \"Phone: {phone_number}\",\n        \"new_address\": \"New Address\",\n        \"no_addresses\": \"You currently have no addresses added to your profile\",\n        \"submit\": \"Save Address\"\n      },\n      \"wishlists\": {\n        \"heading\": \"Wishlists\",\n        \"new\": \"New Wishlist\",\n        \"num_items\": \"# Items\",\n        \"add_item\": \"Add to wishlist\",\n        \"wishlist_name\": \"Wishlist Name\",\n        \"make_public\": \"Make wishlist public\",\n        \"public\": \"Public\",\n        \"action\": \"Action\",\n        \"add\": \"Add Wishlist\",\n        \"delete_all\": \"Delete All\",\n        \"edit\": \"Edit Wishlist\",\n        \"view_heading\": \"Wishlist: {name}\",\n        \"share_intro\": \"Share this wishlist with friends\",\n        \"wishlist_contents\": \"Wishlist Contents\",\n        \"num_products\": \"{num_products, plural, one {1 product} other {# products}}\",\n        \"create\": \"Create Wishlist\",\n        \"save\": \"Save Wishlist\",\n        \"compare\": \"Compare\",\n        \"empty\": \"You have no wishlists.\",\n        \"details_empty\": \"There are no items in this wishlist.\"\n      },\n      \"recent_items\": {\n        \"heading\": \"Recently Viewed\",\n        \"compare\": \"Compare\",\n        \"empty\": \"You haven't viewed any items recently.\"\n      },\n      \"returns\": {\n        \"heading\": \"Returns\",\n        \"successful\": \"Your return was submitted successfully. We'll respond as soon as we can.\",\n        \"no_returns\": \"You haven't made any returns yet.\",\n        \"list\": {\n          \"title\": \"{quantity} × {name}\",\n          \"number\": \"Return #{number}\",\n          \"date\": \"Requested\",\n          \"action\": \"Action\",\n          \"reason\": \"Reason\",\n          \"comments\": \"Comments\"\n        },\n        \"status\": {\n          \"pending\": \"Pending\",\n          \"received\": \"Received\",\n          \"authorized\": \"Authorized\",\n          \"repaired\": \"Repaired\",\n          \"refunded\": \"Refunded\",\n          \"rejected\": \"Rejected\",\n          \"cancelled\": \"Cancelled\"\n        }\n      },\n      \"settings\": {\n        \"heading\": \"Account Settings\",\n        \"first_name\": \"First Name\",\n        \"last_name\": \"Last Name\",\n        \"company\": \"Company\",\n        \"phone\": \"Phone Number\",\n        \"submit\": \"Update Details\"\n      },\n      \"messages\": {\n        \"heading\": \"Messages\",\n        \"customer_said\": \"You said:\",\n        \"merchant_said\": \"{store_name} said:\",\n        \"no_messages\": \"You have no messages at this time.\",\n        \"list\": {\n          \"message_date\": \"Date\",\n          \"message_subject\": \"Subject\",\n          \"message_name\": \"Message\"\n        }\n      },\n      \"inbox\": {\n        \"order\": \"Order\",\n        \"order_pick_one\": \"Select an order...\",\n        \"order_display\": \"Order #{id} / {date} / {total}\",\n        \"subject\": \"Subject\",\n        \"message\": \"Message\",\n        \"show_form\": \"Send Message\",\n        \"submit\": \"Send Message\",\n        \"clear\": \"Clear\"\n      },\n      \"products\": {\n        \"current_stock\": \"Current Stock:\",\n        \"quantity\": \"Quantity:\",\n        \"quantity_decrease\": \"Decrease Quantity:\",\n        \"quantity_increase\": \"Increase Quantity:\",\n        \"related_products\": \"Related Products\",\n        \"top\": \"Most Popular Products\",\n        \"similar_by_views\": \"Customers Also Viewed\",\n        \"featured\": \"Featured Products\",\n        \"new\": \"New Products\",\n        \"tabs\": {\n          \"details\": \"Details\",\n          \"reviews\": \"Reviews\",\n          \"delivery\": \"Delivery\"\n        },\n        \"reviews\": {\n          \"captcha_heading\": \"Security Question\",\n          \"hide\": \"Hide Reviews\",\n          \"new\": \"Write a Review\",\n          \"show\": \"Show Reviews\",\n          \"header\": \"{total, plural, =0{0 Reviews} one {# Review} other {# Reviews}}\",\n          \"rating_label\": \"Rating\",\n          \"link_to_review\": \"({total, plural, =0{No reviews yet} one {# review} other {# reviews}})\",\n          \"post_on_by\": \"Posted by { name } on { date }\",\n          \"select_rating\": \"Select Rating\",\n          \"anonymous_poster\": \"Unknown\",\n          \"rating\": {\n            \"1\": \"1 star (worst)\",\n            \"2\": \"2 stars\",\n            \"3\": \"3 stars (average)\",\n            \"4\": \"4 stars\",\n            \"5\": \"5 stars (best)\"\n          },\n          \"write_a_review\": \"Write a Review\",\n          \"form_write\": {\n            \"name\": \"Name\",\n            \"email\": \"Email\",\n            \"subject\": \"Review Subject\",\n            \"comments\": \"Comments\",\n            \"submit_value\": \"Submit Review\"\n          }\n        },\n        \"videos\": {\n          \"header\": \"Videos\",\n          \"hide\": \"Hide Videos\",\n          \"show\": \"Show Videos\"\n        },\n        \"add_to_cart\": \"Add to Cart\",\n        \"options\": \"Options\",\n        \"sku\": \"SKU\",\n        \"condition\": \"Condition\",\n        \"availability\": \"Availability\",\n        \"shipping\": \"Shipping Cost\",\n        \"shipping_fixed\": \"{amount} (Fixed Shipping Cost)\",\n        \"shipping_free\": \"Free Shipping\",\n        \"sold_out\": \"Sold Out\",\n        \"pre_order\": \"Pre-Order Now\",\n        \"choose_options\": \"Choose Options\",\n        \"quick_view\": \"Quick view\",\n        \"compare\": \"Compare\",\n        \"upload\": \"Upload\",\n        \"max_filesize\": \"Maximum file size is: {bytes}KB\",\n        \"filetypes\": \"File types are: {file_types}\",\n        \"choose_an_option\": \"Please choose an option\",\n        \"select_one\": \"Please select one\",\n        \"description\": \"Description\",\n        \"retail_price\": \"MSRP {price}\",\n        \"price_with_tax\": \"{price} (Inc. {tax_label})\",\n        \"price_without_tax\": \"{price} (Ex. {tax_label})\",\n        \"weight\": \"Weight\",\n        \"you_save\": \"(You save {amount})\"\n      }\n    },\n    \"invoice\": {\n      \"for_order\": \"{name} Invoice for Order #{id}\",\n      \"phone\": \"Phone: {number}\",\n      \"email\": \"Email: {email}\",\n      \"order\": \"Order:\",\n      \"payment_method\": \"Payment Method:\",\n      \"order_date\": \"Order Date:\",\n      \"shipping_method\": \"Shipping Method:\",\n      \"order_items\": \"Order Items\",\n      \"qty\": \"Qty\",\n      \"code\": \"Code/SKU\",\n      \"shipping_address\": \"Shipping Address\",\n      \"product_name\": \"Product Name\",\n      \"price\": \"Price\",\n      \"total\": \"Total\",\n      \"comments\": \"Comments\"\n    },\n    \"auth\": {\n      \"login\": {\n        \"login_form\": {\n          \"heading\": \"Log in\",\n          \"email_address\": \"Email Address\",\n          \"password\": \"Password\",\n          \"submit\": \"Log In\",\n          \"forgot_password\": \"Forgot password?\"\n        },\n        \"create_form\": {\n          \"heading\": \"New Customer\",\n          \"intro\": \"Create an account with us and you'll be able to:\",\n          \"fact_faster\": \"Check out faster\",\n          \"fact_addresses\": \"Save multiple shipping addresses\",\n          \"fact_order_history\": \"Access your order history\",\n          \"fact_track_orders\": \"Track new orders\",\n          \"fact_wishlist\": \"Save items to your wish list\",\n          \"create_account\": \"Create Account\"\n        }\n      },\n      \"create\": {\n        \"heading\": \"Create Account\",\n        \"submit\": \"Create Account\"\n      },\n      \"created\": {\n        \"heading\": \"Account Created\",\n        \"message\": \"Your <em>{store_name}</em> account was created with the email address: <em>{email}</em>\",\n        \"continue\": \"Continue\"\n      },\n      \"new_password\": {\n        \"heading\": \"New Password\",\n        \"password\": \"New Password\",\n        \"password2\": \"Confirm Password\",\n        \"submit\": \"Update Password\"\n      },\n      \"forgot\": {\n        \"heading\": \"Forgot Password\",\n        \"message\": \"Fill in your email below to request a new password. An email will be sent to the address below containing a link to verify your email address.\",\n        \"email_address\": \"Email Address\",\n        \"submit\": \"Reset Password\"\n      }\n    },\n    \"unavailable\": {\n      \"maintenance_heading\": \"Down for maintenance\",\n      \"maintenance_message\": \"This store is currently unavailable due to maintenance. It should be available again shortly. We apologize for any inconvenience caused.\",\n      \"hibernation_heading\": \"We'll be back\",\n      \"hibernation_message\": \"Thanks for visiting. Our store is currently unavailable. We apologize for any inconvenience caused.\"\n    },\n    \"forms\": {\n      \"passwords_no_match\": \"Your passwords do not match.\",\n      \"password_length\": \"Your password must be at least {min_length} characters long\",\n      \"max_checked\": \"Maximum {count, plural, one {1 option} other {# options}} allowed.\",\n      \"min_checked\": \"Please select {count, plural, one {an option} other {# or more options}}.\"\n    },\n    \"geotrust\": {\n      \"click_to_verify\": \"Click to Verify - This site chose GeoTrust SSL for secure e-commerce and confidential communications.\"\n    }\n  }\n}\n"}