{"pages/account/edit":"\n{{#partial \"page\"}}\n\n{{> components/common/page-header list=breadcrumbs page_title=(lang 'account_general.your_account')}}\n\n<article class=\"account-container\">\n\n  <section class=\"layout-module\">\n\n    {{> core/account/edit}}\n\n  </section>\n\n</article>\n\n{{/partial}}\n\n{{> layout/base}}\n","components/common/page-header":"{{!\n  @param page_type - value to test against for conditional displays\n  @param list - list of breadcrumbs\n  @param description - should only be passed through on categories\n}}\n\n<div class=\"container page-header\">\n  <header class=\"layout-module\">\n    <h1 class=\"page-title\">\n      {{#compare page_type 'search' operator='==='}}\n        {{#unless page_title}}\n            {{lang 'search.label'}}\n        {{else}}\n          {{lang 'search.results.label' query=page_title}}\n        {{/unless}}\n      {{else}}\n        {{limit page_title 200}}{{#if page_title.length '>' 200}}&hellip;{{/if}}\n      {{/compare}}\n    </h1>\n    {{#compare page_type 'product' operator='==='}}\n      {{> components/common/breadcrumbs list=breadcrumbs hide_last='true'}}\n    {{else}}\n      {{> components/common/breadcrumbs list=breadcrumbs}}\n    {{/compare}}\n  </header>\n\n  {{#if description}}\n  <div class=\"layout-module collection-description rte\">\n    {{{category.description}}}\n  </div>\n  {{/if}}\n</div>\n","core/account/edit":"{{#partial 'account-heading'}}\n  {{lang 'core.account.settings.heading'}}\n{{/partial}}\n\n{{#partial 'account-content'}}\n  {{#if forms.edit_account.error}}\n    {{> core/alerts/alert-error forms.edit_account.error}}\n  {{/if}}\n\n  {{#if forms.edit_account.success}}\n    {{> core/alerts/alert-success forms.edit_account.success}}\n  {{/if}}\n\n  <form action=\"{{urls.account.update_action}}\" class=\"account-settings-form\" method=\"post\" data-validated-form>\n    {{> core/forms/common/text name='account_firstname' required=true label=(lang 'core.account.settings.first_name') value=forms.edit_account.first_name}}\n    {{> core/forms/common/text name='account_lastname' required=true label=(lang 'core.account.settings.last_name') value=forms.edit_account.last_name}}\n    {{> core/forms/common/text name='account_companyname' label=(lang 'core.account.settings.company') value=forms.edit_account.company_name}}\n    {{> core/forms/common/text name='account_phone' required=true label=(lang 'core.account.settings.phone') value=forms.edit_account.phone}}\n\n    {{#each forms.edit_account.fields}}\n      {{{dynamicComponent 'core/forms/common'}}}\n    {{/each}}\n\n    <div class=\"form-actions\">\n      <button class=\"button account-button-primary\">{{lang 'core.account.settings.submit'}}</button>\n    </div>\n  </form>\n{{/partial}}\n\n{{> core/account/_private/layout nav_page='settings' class='settings'}}\n","layout/base":"<!doctype html>\n<!--[if IE 9 ]><html class=\"no-js ie9 lt-ie10\" lang=\"{{ locale_name }}\"><![endif]-->\n<!--[if (gt IE 9)|!(IE)]><!--><html class=\"no-js\" lang=\"{{ locale_name }}\"><!--<![endif]-->\n<head>\n\n  <title>{{head.title}}</title>\n\n  {{{head.meta_tags}}}\n  {{{head.config}}}\n\n  <link href=\"{{head.favicon}}\" rel=\"shortcut icon\">\n  <meta name=\"viewport\" content=\"width=device-width, initial-scale=1, maximum-scale=1\">\n  <meta http-equiv=\"X-UA-Compatible\" content=\"ie=edge\" />\n  {{{stylesheet '/assets/css/theme.css'}}}\n  {{ getFontsCollection }}\n\n  {{{head.scripts}}}\n  {{{head.rsslinks}}}\n\n  {{> components/common/global-injects}}\n\n  {{{snippet 'html_head'}}}\n\n  {{> core/structured-data/website}}\n</head>\n\n<body\n  class=\"{{> components/common/body-class}}\"\n  data-layout=\"{{theme_settings.product-grid-layout}}\"\n>\n\n  {{#if page_type '===' 'product'}}\n    {{> components/common/facebook-like}}\n  {{else if page_type '===' 'blog_post'}}\n    {{> components/common/facebook-like}}\n  {{/if}}\n\n  {{{snippet 'header'}}}\n\n  {{> components/header}}\n\n  <main class=\"main-content\">\n    {{#if template_file \"!==\" \"pages/home\"}}\n      {{> components/common/banners banners=banners.top type='top'}}\n    {{/if}}\n\n    {{#block \"page\"}}{{/block}}\n\n    {{> components/common/banners banners=banners.bottom type='bottom'}}\n  </main>\n\n  {{> components/navigation-header}}\n  {{> components/footer}}\n  {{> components/footer-modals}}\n\n  {{> core/structured-data/breadcrumbs}}\n\n  <script src=\"{{cdn '/assets/js/bundle.js'}}\"></script>\n  <script>\n    // Exported in app.js\n    window.stencilBootstrap(\"{{template_file}}\", {{jsContext}}).load();\n  </script>\n  {{{footer.scripts}}}\n\n  {{{snippet 'footer'}}}\n  </body>\n</html>\n","components/common/breadcrumbs":"<ol class=\"page-title-breadcrumbs\">\n\n  {{#if this.hide_last}}\n    {{#each this.list}}\n      {{#unless @last}}\n        {{> components/common/breadcrumbs-partial this}}\n      {{/unless}}\n    {{/each}}\n  {{else}}\n    {{#each this.list}}\n      {{> components/common/breadcrumbs-partial this}}\n    {{/each}}\n  {{/if}}\n\n</ol>\n","components/common/global-injects":"{{! Theme Settings}}\n{{inject 'themeImageSizes' theme_images}}\n{{inject 'breakPoints' theme_settings.screen-sizes}}\n{{inject 'productsPerPage' theme_settings.product-results-per-page}}\n{{inject 'disableProductAjax' theme_settings.product-purchase-disable-ajax}}\n{{inject 'cartUrl' urls.cart}}\n\n{{! Carousel Settings}}\n{{inject 'carouselDelay' carousel.swap_frequency}}\n\n{{! Compare Messages}}\n{{inject 'compareCompareProducts' (lang 'compare.compare_submit')}}\n{{inject 'compareClearSelection' (lang 'compare.clear_compare')}}\n\n{{! Product Messages}}\n{{inject 'homeLink' urls.home}}\n{{inject 'continueShopping' (lang 'product.continue_shopping')}}\n{{inject 'urlsCart' urls.cart}}\n{{inject 'urlsCheckout' urls.checkout.single_address}}\n{{inject 'messagesCartLink' (lang 'product.cart_link')}}\n{{inject 'messagesCartQuantityError' (lang 'product.error_message_quantity')}}\n{{inject 'messagesCheckoutLink' (lang 'product.checkout_link')}}\n{{inject 'messagesProductGeneral' (lang 'product.error_message_general')}}\n{{inject 'messagesProductAddSuccess' (lang 'product.success')}}\n{{inject 'messagesProductAddSuccessAlert' (lang 'product.success_alert')}}\n{{inject 'productOutOfStock' (lang 'product.error_message_stock')}}\n{{inject 'productAddToCart' (lang 'product.add_to_cart')}}\n{{inject 'productPreOrder' (lang 'product.pre_order')}}\n{{inject 'productSoldOut' (lang 'product.sold_out')}}\n{{inject 'productYouSave' (lang 'core.price.you_save' amount='{amount}')}}\n{{inject 'productIncludingTax' (lang 'product.including_tax')}}\n{{inject 'productExcludingTax' (lang 'product.excluding_tax')}}\n{{inject 'productPreviewVariation' (lang 'product.preview_variation')}}\n{{inject 'productOptionUnavailable' (lang 'product.option_unavailable')}}\n\n{{! Form Validation Messages}}\n{{inject 'validationRequired' (lang 'forms.validation.required')}}\n{{inject 'validationEmail' (lang 'forms.validation.email')}}\n{{inject 'validationNumber' (lang 'forms.validation.number')}}\n{{inject 'validationNumMax' (lang 'forms.validation.num_max')}}\n{{inject 'validationNumMin' (lang 'forms.validation.num_min')}}\n{{inject 'validationNumRange' (lang 'forms.validation.num_range')}}\n{{inject 'validationMaxLength' (lang 'forms.validation.max_length')}}\n{{inject 'validationMinLength' (lang 'forms.validation.min_length')}}\n{{inject 'validationMaxChecked' (lang 'forms.validation.max_checked')}}\n{{inject 'validationMinChecked' (lang 'forms.validation.min_checked')}}\n{{inject 'validationMaxSelected' (lang 'forms.validation.max_selected')}}\n{{inject 'validationMinSelected' (lang 'forms.validation.min_selected')}}\n{{inject 'validationNotEqual' (lang 'forms.validation.not_equal')}}\n{{inject 'validationDifferent' (lang 'forms.validation.different')}}\n\n{{inject 'showMore' (lang 'sidebar_filters.show_more')}}\n{{inject 'hideMore' (lang 'sidebar_filters.hide_more')}}\n\n{{!-- Image Zoom --}}\n{{inject 'zoomClose' (lang 'core.product.zoom.close')}}\n{{inject 'zoomShare' (lang 'core.product.zoom.share')}}\n{{inject 'zoomFullscreen' (lang 'core.product.zoom.fullscreen')}}\n{{inject 'zoomAction' (lang 'core.product.zoom.zoom_action')}}\n{{inject 'zoomPrevious' (lang 'core.product.zoom.previous')}}\n{{inject 'zoomNext' (lang 'core.product.zoom.next')}}\n","core/structured-data/website":"{{!-- Website: include in base.html --}}\n\n<script type=\"application/ld+json\">\n  {\n    \"@context\": \"http://schema.org\",\n    \"@type\": \"WebSite\",\n    \"name\": \"{{settings.store_name}}\",\n    \"url\": \"{{urls.home}}\"\n  }\n</script>","components/common/body-class":"template-{{page_type}}\nmain-nav-closed\n{{#if carousel.slides}}has-carousel{{else}}no-carousel{{/if}}\n{{#if theme_settings.enable-carousel-border}}carousel-border{{/if}}\n{{#if theme_settings.product-slider-isolate-images}}isolate-product-slider-images{{/if}}\n{{#unless in_production}} dev-environment{{/unless}}\n","components/common/facebook-like":"\n{{#if settings.add_this}}\n {{#each settings.add_this.buttons}}\n   {{#if service '===' 'facebook_like'}}\n     <div id=\"fb-root\"></div>\n     <script>(function(d, s, id) {\n       var js, fjs = d.getElementsByTagName(s)[0];\n       if (d.getElementById(id)) return;\n       js = d.createElement(s); js.id = id;\n       js.src = \"//connect.facebook.net/en_US/sdk.js#xfbml=1&version=v2.5\";\n       fjs.parentNode.insertBefore(js, fjs);\n     }(document, 'script', 'facebook-jssdk'));</script>\n   {{/if}}\n {{/each}}\n{{/if}}\n","components/header":"\n<header class=\"main-header\">\n  <div class=\"layout-module header-container\">\n    <div class=\"header-branding\">\n      <a class=\"header-logo\" href=\"{{urls.home}}\">\n        {{#if settings.store_logo.image.data}}\n          <img class=\"header-logo-image visible\" src=\"{{getImage settings.store_logo.image 'logo'}}\" alt=\"{{settings.store_logo.image.alt}}\">\n        {{/if}}\n        <span class=\"header-logo-text {{#unless settings.store_logo.image.data}}visible no-image{{/unless}}\">\n          {{settings.store_logo.title}}\n        </span>\n      </a>\n    </div>\n\n    <div class=\"header-navigation\">\n      <button class=\"navigation-toggle-mobile-wrapper\" data-mobile-menu-button>\n        <span class=\"navigation-toggle-mobile\" data-mobile-menu-toggle></span>\n      </button>\n\n      {{> components/header-menu}}\n    </div>\n  </div>\n</header>\n","components/common/banners":"{{#if banners}}\n  <div class=\"outer-banner-wrapper {{type}}-banner\">\n    <div class=\"layout-module rte\">\n      {{{limit banners 1}}}\n    </div>\n  </div>\n{{/if}}\n","components/navigation-header":"\n<section class=\"navigation-wrap\" data-slideout-wrapper>\n  <ul class=\"navigation-tier navigation-tier-secondary\" id=\"header-pane-category\">\n    {{#each categories}}\n      <li class=\"header-navigation-item{{#if children}} has-dropdown{{/if}}\">\n        <a href=\"{{url}}\">{{name}}</a>\n        {{#if children}}\n          <ul class=\"navigation-tier navigation-tier-tertiary\">\n            {{#unless ../../theme_settings.hide-parent-menu-items}}\n              <li class=\"header-navigation-item\">\n                <a href=\"{{url}}\">{{lang 'common.header.view_all' name=name}}</a>\n              </li>\n            {{/unless}}\n\n            {{#each children}}\n              <li class=\"header-navigation-item{{#if children}} has-dropdown{{/if}}\">\n                <a href=\"{{url}}\">{{name}}</a>\n\n                {{#if children}}\n                  <ul class=\"navigation-tier navigation-tier-quaternary\">\n                    {{#unless ../../../../theme_settings.hide-parent-menu-items}}\n                      <li class=\"header-navigation-item\">\n                        <a href=\"{{url}}\">{{lang 'common.header.view_all' name=name}}</a>\n                      </li>\n                    {{/unless}}\n\n                    {{#each children}}\n                      <li class=\"header-navigation-item\">\n                        <a href=\"{{url}}\">{{name}}</a>\n                      </li>\n                    {{/each}}\n                  </ul>\n                {{/if}}\n              </li>\n            {{/each}}\n          </ul>\n        {{/if}}\n      </li>\n    {{/each}}\n  </ul>\n\n  {{#if shop_by_brand}}\n    <ul class=\"navigation-tier navigation-tier-secondary\" id=\"header-pane-brand\">\n      {{#each (limit shop_by_brand 10)}}\n        <li class=\"header-navigation-item\">\n          <a href=\"{{url}}\">{{name}}</a>\n        </li>\n      {{/each}}\n\n      {{#if shop_by_brand.length '>' 10}}\n        <li class=\"header-navigation-item header-navigation-separation\">\n          <a href=\"{{urls.brands}}\">{{lang 'brands.view_brands'}}</a>\n        </li>\n      {{/if}}\n    </ul>\n  {{/if}}\n\n  {{#if pages}}\n    <ul class=\"navigation-tier navigation-tier-secondary\" id=\"header-pane-pages\">\n      {{#each pages}}\n        <li class=\"header-navigation-item{{#if children}} has-dropdown{{/if}}\">\n          <a href=\"{{url}}\">{{name}}</a>\n          {{#if children}}\n            <ul class=\"navigation-tier navigation-tier-tertiary\">\n              {{#each children}}\n                <li class=\"header-navigation-item{{#if children}} has-dropdown{{/if}}\">\n                  <a href=\"{{url}}\">{{name}}</a>\n\n                  {{#if children}}\n                    <ul class=\"navigation-tier navigation-tier-quaternary\">\n                      {{#unless ../../theme_settings.hide-parent-menu-items}}\n                        <li class=\"header-navigation-item\">\n                          <a href=\"{{url}}\">{{lang 'common.header.view' name=name}}</a>\n                        </li>\n                      {{/unless}}\n\n                      {{#each children}}\n                        <li class=\"header-navigation-item\">\n                          <a href=\"{{url}}\">{{name}}</a>\n                        </li>\n                      {{/each}}\n                    </ul>\n                  {{/if}}\n                </li>\n              {{/each}}\n            </ul>\n          {{/if}}\n        </li>\n      {{/each}}\n    </ul>\n  {{/if}}\n\n  <div class=\"navigation-tier navigation-tier-secondary\" id=\"header-cart-pane\">\n    <div class=\"form-field\">\n      <label class=\"quick-cart-currency form-label\" for=\"quick_cart_currency_change\">\n      <span class=\"quick-cart-change-currency form-label-text\">\n        {{lang 'common.currency_converter'}}\n        {{#if currency_selector.currencies.length '>' 1}}\n          <select class=\"quick-cart-currency-selector currency-switcher\" name=\"quick_cart_currency_change\" id=\"quick_cart_currency_change\">\n            {{#each currency_selector.currencies}}\n              <option value=\"{{{switch_url}}}\" {{#if is_active}}selected{{/if}}>\n                {{name}}\n              </option>\n            {{/each}}\n          </select>\n        {{else}}\n          {{{currency_selector.active_currency_name}}}\n        {{/if}}\n      </span>\n      </label>\n    </div>\n\n    {{> components/cart/quick-cart}}\n  </div>\n</section>\n","components/footer":"<footer class=\"main-footer\">\n\n  <div class=\"container footer-interactions\">\n    <div class=\"layout-module\">\n      <div class=\"footer-navigation footer-navigation-list-item\">\n        {{> components/navigation-footer}}\n      </div>\n\n      {{#if social_media}}\n        <div class=\"footer-social-media footer-navigation-list-item\">\n          <ul>\n            {{#each social_media}}\n            <li class=\"footer-icons\">\n              {{#compare display_name 'google+' operator='==='}}\n                <a href=\"{{url}}\" class=\"google\">\n                  <i class=\"icon-google\"></i>\n                </a>\n              {{else}}\n                <a href=\"{{url}}\" class=\"{{display_name}}\">\n                  <i class=\"icon-{{display_name}}\"></i>\n                </a>\n              {{/compare}}\n            </li>\n            {{/each}}\n          </ul>\n        </div>\n      {{/if}}\n    </div>\n  </div>\n  <div class=\"layout-module\">\n    <div class=\"footer-content\">\n      {{#if settings.show_newsletter_box}}\n        <div class=\"footer-content-column mailing-list-wrapper\">\n          {{> components/common/mailing-list location=\"footer-module\"}}\n        </div>\n      {{/if}}\n\n      <div class=\"footer-content-column\">\n        {{! TODO: When custom blocks come in to play, allow a custom block to be shown here }}\n        {{#if settings.address}}\n          <address class=\"footer-contact-address\">{{nl2br settings.address}}</address>\n        {{/if}}\n\n        {{#if settings.phone_number.length}}\n          <p class=\"footer-contact-phone\">{{settings.phone_number}}</p>\n        {{/if}}\n      </div>\n    </div>\n\n    <div class=\"footer-quick-links\">\n      {{#if settings.account_creation_enabled}}\n        <ul class=\"footer-account-links\">\n          {{#if customer}}\n            <li>\n              <a href=\"{{urls.account.index}}\">{{lang 'account_general.your_account'}}</a>\n            </li>\n            <li>\n              <a href=\"{{urls.auth.logout}}\">{{lang 'account_general.log_out'}}</a>\n            </li>\n          {{else}}\n            <li>\n              <a href=\"{{urls.auth.login}}\">{{lang 'account_general.log_in'}}</a>\n            </li>\n            <li>\n              <a href=\"{{urls.auth.create_account}}\">{{lang 'account_general.sign_up'}}</a>\n            </li>\n          {{/if}}\n        </ul>\n      {{/if}}\n\n      <ul class=\"footer-page-links\">\n        {{! TODO: Any other static links? }}\n        {{#if settings.gift_certificates_enabled}}\n          <li><a href=\"{{urls.gift_certificate.purchase}}\">{{lang 'gift_certificate.heading'}}</a></li>\n        {{/if}}\n        <li><a href=\"{{urls.sitemap}}\">{{lang 'sitemap.heading'}}</a></li>\n      </ul>\n\n      <ul class=\"footer-payment-icons\">\n        {{#if theme_settings.payment-visa}}\n          <li>\n            <span class=\"payment-icon\"><i class=\"icon-payment-visa\"></i></span>\n          </li>\n        {{/if}}\n\n        {{#if theme_settings.payment-mastercard}}\n          <li>\n            <span class=\"payment-icon\"><i class=\"icon-payment-mastercard\"></i></span>\n          </li>\n        {{/if}}\n\n        {{#if theme_settings.payment-american-express}}\n          <li>\n            <span class=\"payment-icon\"><i class=\"icon-payment-american-express\"></i></span>\n          </li>\n        {{/if}}\n\n        {{#if theme_settings.payment-discover}}\n          <li>\n            <span class=\"payment-icon\"><i class=\"icon-payment-discover\"></i></span>\n          </li>\n        {{/if}}\n\n        {{#if theme_settings.payment-paypal}}\n          <li>\n            <span class=\"payment-icon\"><i class=\"icon-payment-paypal\"></i></span>\n          </li>\n        {{/if}}\n\n        {{#if theme_settings.payment-apple-pay}}\n          <li>\n            <span class=\"payment-icon\"><i class=\"icon-payment-apple-pay\"></i></span>\n          </li>\n        {{/if}}\n      </ul>\n\n      {{#if theme_settings.geotrust-ssl-common-name}}\n        {{> core/geotrust-ssl-seal}}\n      {{/if}}\n    </div>\n  </div>\n\n  <div class=\"layout-module\">\n    <p class=\"copyright\" role=\"contentinfo\">&copy; <script>document.write(new Date().getFullYear())</script> <a href=\"{{settings.base_url}}\">{{settings.store_name}}</a></p>\n    {{#if theme_settings.theme-credits}}\n      <p class=\"footer-attribution\">\n        {{{lang 'footer.theme_attribution'\n          theme_name='Fortune'\n          developed='<a href=\"http://pixelunion.net\" target=\"_blank\">Pixel Union</a>'\n          powered_by='<a href=\"https://www.bigcommerce.com/\" target=\"_blank\" rel=\"nofollow\">BigCommerce</a>'\n        }}}\n      </p>\n    {{/if}}\n  </div>\n</footer>\n","components/footer-modals":"<div class=\"navigation-overlay\"></div>\n<div class=\"error-message-modal\"></div>\n\n<div class=\"search-overlay\">\n\n  {{{snippet 'forms_search'}}}\n\n  <form class=\"search-overlay-form\" id=\"modal-search\" action=\"{{urls.search}}\">\n    <div class=\"form-field-inline\">\n      <input class=\"search-overlay-input\" name=\"search_query\"\n        {{#if forms.search.query}} value=\"{{forms.search.query}}\"{{/if}}\n        placeholder=\"{{lang 'search.quick_search.input_placeholder'}}\">\n      <a class=\"button button-invisible-thin search-overlay-close\" href=\"#modal-search\">\n        <i class=\"icon-close\"><span class=\"sr-only\">{{lang 'common.close'}}</span></i>\n      </a>\n    </div>\n    <input class=\"button button-invisible search-overlay-submit\" type=\"submit\" value=\"{{lang 'search.label'}}\">\n  </form>\n\n</div>\n\n{{#if page_type '==' 'product' }}\n  {{#if settings.show_product_reviews}}\n    <section class=\"write-review-wrapper {{#if product.reviews.messages.length \"!==\" 0}}visible{{/if}}\" data-review-modal>\n      <span class=\"write-review-close\">\n        <i class=\"icon-close\"></i>\n      </span>\n      <div class=\"write-review-content\">\n        {{> components/products/review-modal}}\n      </div>\n      <span class=\"page-spinner {{#if product.reviews.messages.length \"!==\" 0}}visible{{/if}}\"></span>\n    </section>\n  {{/if}}\n{{/if}}\n\n<div class=\"loading-overlay\">\n  <span class=\"page-spinner\"></span>\n</div>\n","core/structured-data/breadcrumbs":"{{!-- Breadcrumbs: include in base.html --}}\n\n<script id=\"schema-breadcrumbs\">\n  var schema = document.createElement('script');\n  schema.type = 'application/ld+json';\n  schema.text = JSON.stringify({\n    \"@context\": \"http://schema.org\",\n    \"@type\": \"BreadcrumbList\",\n    \"itemListElement\": [\n      {{#each breadcrumbs}}\n        {\n          \"@type\": \"ListItem\",\n          \"position\": {{@index}} + 1,\n          \"item\": {\n            \"@id\": {{#unless @last}}\"{{url}}\"{{else}}window.location.href{{/unless}},\n            \"name\": \"{{name}}\"\n          }\n        }{{#unless @last}},{{/unless}}\n      {{/each}}\n    ]\n  });\n\n  document.querySelector('body').appendChild(schema);\n\n  var script = document.getElementById('schema-breadcrumbs');\n  script.parentElement.removeChild(script);\n</script>","core/alerts/alert-error":"<div class=\"alert alert-error\">\n  {{#if dismissable}}<a class=\"alert-dismiss\">&times;</a>{{/if}}\n\n  <div class=\"alert-message\">\n    {{#if message}}\n      {{{message}}}\n    {{else}}\n      {{{this}}}\n    {{/if}}\n  </div>\n</div>\n","core/alerts/alert-success":"<div class=\"alert alert-success\">\n  {{#if dismissable}}<a class=\"alert-dismiss\">&times;</a>{{/if}}\n\n  <div class=\"alert-message\">\n    {{#if message}}\n      {{{message}}}\n    {{else}}\n      {{{this}}}\n    {{/if}}\n  </div>\n</div>\n","core/forms/common/text":"\n<div class=\"form-field form-field-common form-field-text {{#if required}} form-required{{/if}}\" id=\"{{id}}\">\n  <label class=\"form-label\">\n    <span class=\"form-field-title\">\n      {{label}}\n      {{#if required}}<span class=\"required-text\">{{lang 'common.required'}}</span>{{/if}}\n    </span>\n    <span class=\"form-field-control\">\n      <input class=\"form-input\"\n        id=\"input-{{id}}\"\n        name=\"{{name}}\"\n        type=\"text\"\n        placeholder=\"{{prefill}}\"\n        {{#if value}}value=\"{{value}}\"{{/if}}\n        {{#if private_id}}data-field-type=\"{{private_id}}\"{{/if}}\n        {{#if required}}required{{/if}}\n        aria-required=\"{{required}}\">\n    </span>\n  </label>\n</div>\n","core/account/_private/layout":"{{!\n  A wrapper for all account pages.\n\n  @block account-heading\n         The page's title.\n\n  @block account-content\n         The content for the main part of the layout.\n\n  @param class string\n         A name for the current page, added as a class to the account wrapper.\n\n  @param nav string\n         If \"hidden\", no nav will be shown.\n\n  @param nav_page string\n         If matches a string in navigation.html, that link will be made active.\n\n  @param header string\n         If \"hidden\", no header will be shown.\n         If \"top\", header will be shown above the nav.\n         Otherwise, header will be shown above the content.\n}}\n<section class=\"account-wrapper account-page-{{class}}{{#if nav '===' 'hidden'}} account-nav-hidden{{/if}}\">\n  {{#if header '===' 'top'}}{{> core/account/_private/layout-heading}}{{/if}}\n\n  {{#if nav '!==' 'hidden'}}\n    {{> core/account/_private/navigation nav_page=nav_page}}\n  {{/if}}\n\n  <div class=\"account-body\">\n    {{#unless header}}{{> core/account/_private/layout-heading}}{{/unless}}\n\n    <div class=\"account-content\">\n      {{#block 'account-content'}}{{/block}}\n    </div>\n  </div>\n</section>\n","core/forms/common/captcha":"{{!\n  Basically just a wrapper.\n  If you call this file it should serve the correct markup based on where it's called from.\n}}\n\n{{#if product.reviews.recaptcha}}\n  {{{product.reviews.recaptcha.markup}}}\n{{/if}}\n{{#if forms.create_account.recaptcha}}\n  {{{forms.create_account.recaptcha.markup}}}\n{{/if}}\n{{#if forms.contact.recaptcha}}\n  {{{forms.contact.recaptcha.markup}}}\n{{/if}}\n","core/forms/common/checkbox":"\n{{#if checkboxes}}\n  <div class=\"form-field form-field-common form-field-checkbox {{#if required}} form-required{{/if}}\" id=\"{{id}}\">\n    <div class=\"form-field-title\">\n      {{label}}\n      {{#if required}}<span class=\"required-text\">{{lang 'common.required'}}</span>{{/if}}\n    </div>\n\n    <div class=\"form-field-control\">\n      {{#each checkboxes}}\n        <label class=\"form-label {{class}}\">\n          <input\n            class=\"form-input form-checkbox\"\n            id=\"checkbox-{{name}}\"\n            name=\"{{../name}}{{#if ../../checkboxes.length '>' 1}}[]{{/if}}\"\n            type=\"checkbox\"\n            value=\"{{value}}\"\n            {{#if checked}}checked{{/if}}\n            {{#if ../required}}\n              {{#if ../../checkboxes.length '===' 1}}required{{/if}}\n              data-validates=\"minChecked[1],maxChecked[{{../../checkboxes.length}}]\"\n              data-vd-message-minChecked=\"{{lang 'core.forms.min_checked' count=1}}\"\n              data-vd-message-maxChecked=\"{{lang 'core.forms.max_checked' count=../../checkboxes.length}}\"\n            {{/if}}\n            aria-required=\"{{../required}}\">\n          <span class=\"form-label-text\">{{label}}</span>\n        </label>\n      {{/each}}\n    </div>\n  </div>\n{{/if}}\n","core/forms/common/email":"\n<div class=\"form-field form-field-common form-field-email {{#if required}} form-required{{/if}}\" id=\"{{id}}\">\n  <label class=\"form-label\">\n    <span class=\"form-field-title\">\n      {{label}}\n      {{#if required}}<span class=\"required-text\">{{lang 'common.required'}}</span>{{/if}}\n    </span>\n    <span class=\"form-field-control\">\n      <input class=\"form-input\"\n        id=\"input-{{id}}\"\n        name=\"{{name}}\"\n        type=\"email\"\n        placeholder=\"{{prefill}}\"\n        {{#if value}}value=\"{{value}}\"{{/if}}\n        {{#if private_id}}data-field-type=\"{{private_id}}\"{{/if}}\n        {{#if required}}required{{/if}}\n        aria-required=\"{{required}}\">\n    </span>\n  </label>\n</div>\n","core/forms/common/date":"\n<div class=\"form-field form-field-common form-field-date {{#if required}} form-required{{/if}}\" id=\"{{id}}\">\n  <span class=\"form-label\">\n\n    <span class=\"form-field-title\">\n      {{label}}\n      {{#if required}}<span class=\"required-text\">{{lang 'common.required'}}</span>{{/if}}\n    </span>\n\n    <span class=\"form-field-control\">\n      <span class=\"form-select-wrapper form-date-year\">\n        <select\n          class=\"form-input form-select\"\n          id=\"date-year-{{id}}\"\n          name=\"{{year.name}}\"\n          {{#if required}}required{{/if}}\n          aria-required=\"{{required}}\">\n          <option disabled>{{lang 'forms.date.year'}}</option>\n          {{#each year.items}}\n            <option {{#if ../year.value '==' value}}selected{{/if}} value=\"{{value}}\">{{label}}</option>\n          {{/each}}\n        </select>\n      </span>\n\n      <span class=\"form-select-wrapper form-date-month\">\n        <select\n          class=\"form-input form-select\"\n          id=\"date-month-{{id}}\"\n          name=\"{{month.name}}\"\n          {{#if required}}required{{/if}}\n          aria-required=\"{{required}}\">\n          <option disabled>{{lang 'forms.date.month'}}</option>\n          {{#each month.items}}\n            <option {{#if ../month.value '==' value}}selected{{/if}} value=\"{{value}}\">{{label}}</option>\n          {{/each}}\n        </select>\n      </span>\n\n      <span class=\"form-select-wrapper form-date-day\">\n        <select\n          class=\"form-input form-select\"\n          id=\"date-day-{{id}}\"\n          name=\"{{day.name}}\"\n          {{#if required}}required{{/if}}\n          aria-required=\"{{required}}\">\n          <option disabled>{{lang 'forms.date.day'}}</option>\n          {{#each day.items}}\n            <option {{#if ../day.value '==' value}}selected{{/if}} value=\"{{value}}\">{{label}}</option>\n          {{/each}}\n        </select>\n      </span>\n    </span>\n\n  </span>\n</div>\n","core/forms/common/multiline":"{{!\n  Textarea form component\n\n  @param validation_message string\n         Custom validation message\n}}\n<div class=\"form-field form-field-common form-field-multiline {{#if required}}form-required{{/if}}\" id=\"{{id}}\">\n  <label class=\"form-label\">\n    <span class=\"form-field-title\">\n      {{label}}\n      {{#if required}}<span class=\"required-text\">{{lang 'common.required'}}</span>{{/if}}\n    </span>\n    <span class=\"form-field-control\">\n      <textarea\n        class=\"form-input\"\n        id=\"textarea-{{id}}\"\n        name=\"{{name}}\"\n        placeholder=\"{{prefill}}\"\n        rows=\"{{rows}}\"\n        {{#if required}}\n          required\n          {{#if validation_message}}\n            data-vd-message-required=\"{{validation_message}}\"\n          {{/if}}\n        {{/if}}\n        aria-required=\"{{required}}\">{{value}}</textarea>\n    </span>\n  </label>\n</div>\n","core/forms/common/number":"\n<div class=\"form-field form-field-common form-field-number {{#if required}} form-required{{/if}}\" id=\"{{id}}\">\n  <label class=\"form-label\">\n    <span class=\"form-field-title\">\n      {{label}}\n      {{#if required}}<span class=\"required-text\">{{lang 'common.required'}}</span>{{/if}}\n    </span>\n    <span class=\"form-field-control\">\n      <input\n        class=\"form-input\"\n        id=\"input-{{id}}\"\n        name=\"{{name}}\"\n        type=\"number\"\n        value=\"{{value}}\"\n        min=\"{{limitfrom}}\"\n        max=\"{{limitto}}\"\n        title=\"{{lang 'forms.range' limitFrom=limitfrom limitTo=limitto}}\"\n        {{#if private_id}}data-field-type=\"{{private_id}}\"{{/if}}\n        {{#if required}}required{{/if}}\n        aria-required=\"{{required}}\">\n    </span>\n  </label>\n</div>\n","core/forms/common/password":"\n<div class=\"form-field form-field-common form-field-password {{#if required}} form-required{{/if}}\" id=\"{{id}}\">\n  <label class=\"form-label\">\n    <span class=\"form-field-title\">\n      {{label}}\n      {{#if required}}<span class=\"required-text\">{{lang 'common.required'}}</span>{{/if}}\n    </span>\n    <span class=\"form-field-control\">\n      <input class=\"form-input\"\n        id=\"password-{{id}}\"\n        name=\"{{name}}\"\n        type=\"password\"\n        placeholder=\"{{prefill}}\"\n        {{#if value}}value=\"{{value}}\"{{/if}}\n        {{#if private_id}}data-field-type=\"{{private_id}}\"{{/if}}\n        {{#if required}}required{{/if}}\n        {{#if value_match}}\n          data-validates=\"equalTo[{{value_match}}]\"\n          data-vd-message-equalTo=\"{{lang 'core.forms.passwords_no_match'}}\"\n        {{/if}}\n        {{#if min_length}}\n          data-validates=\"minLength[{{min_length}}]\"\n          data-vd-message-minLength=\"{{lang 'core.forms.password_length' min_length=min_length}}\"\n        {{/if}}\n        aria-required=\"{{required}}\">\n    </span>\n  </label>\n</div>\n","core/forms/common/radio":"\n{{#if radios}}\n  <div class=\"form-field form-field-common form-field-radio {{#if required}} form-required{{/if}}\" id=\"{{id}}\">\n    <div class=\"form-field-title\">\n      {{label}}\n      {{#if required}}<span class=\"required-text\">{{lang 'common.required'}}</span>{{/if}}\n    </div>\n    <div class=\"form-field-control\">\n      {{#each radios}}\n        <label class=\"form-label\">\n          <input class=\"form-input form-radio\"\n            id=\"radio-{{../name}}-{{#if id}}{{id}}{{else}}{{display}}{{/if}}\"\n            name=\"{{../name}}\"\n            type=\"radio\"\n            value=\"{{value}}\"\n            {{#if checked}}checked{{/if}}\n            {{#if private_id}}data-field-type=\"{{private_id}}\"{{/if}}\n            {{#if ../required}}required{{/if}}\n            aria-required=\"{{../required}}\">\n          <span class=\"form-label-text\">\n            {{#if label}}\n              {{label}}\n            {{else}}\n              {{display}}\n            {{/if}}\n          </span>\n        </label>\n      {{/each}}\n    </div>\n  </div>\n{{/if}}\n","core/forms/common/rating":"{{!\n  Rating form field. Shows a radio input for each possible rating.\n\n  Note: Shown in reverse-order to allow :checked styling without JS.\n\n  Not used by stencil.\n\n  @param label string\n         The title of this form field.\n\n  @param name string\n         The name attribute for the form inputs.\n\n  @param value number (optional)\n         The selected rating.\n\n  @param required bool (optional)\n         If true, this field is required for the form submission.\n\n  @param icon string (optional)\n         Some markup to insert into the labels.\n\n  @param id string (optional)\n         An HTML ID to give the field element.\n}}\n<div class=\"form-field form-field-rating {{#if required}}form-required{{/if}}\" {{#if id}}id=\"{{id}}\"{{/if}}>\n  <div class=\"form-field-title\">\n    {{label}}\n    {{#if required}}<span class=\"required-text\">{{lang 'common.required'}}</span>{{/if}}\n  </div>\n  <div class=\"form-field-control\">\n\n    <input class=\"form-input form-radio\"\n      id=\"form-rating-{{name}}-5\"\n      name=\"{{name}}\"\n      type=\"radio\"\n      value=\"5\"\n      {{#if value '===' 5}}checked{{/if}}\n      {{#if required}}required{{/if}}\n      aria-required=\"{{required}}\">\n    <label class=\"form-label\" for=\"form-rating-{{name}}-5\">\n      {{#if icon}}{{{icon}}}{{/if}}\n      <span class=\"form-label-text\">{{lang 'forms.rating.label' rating=5 min=1 max=5}}</span>\n    </label>\n\n    <input class=\"form-input form-radio\"\n      id=\"form-rating-{{name}}-4\"\n      name=\"{{name}}\"\n      type=\"radio\"\n      value=\"4\"\n      {{#if value '===' 4}}checked{{/if}}\n      {{#if required}}required{{/if}}\n      aria-required=\"{{required}}\">\n    <label class=\"form-label\" for=\"form-rating-{{name}}-4\">\n      {{#if icon}}{{{icon}}}{{/if}}\n      <span class=\"form-label-text\">{{lang 'forms.rating.label' rating=4 min=1 max=5}}</span>\n    </label>\n\n    <input class=\"form-input form-radio\"\n      id=\"form-rating-{{name}}-3\"\n      name=\"{{name}}\"\n      type=\"radio\"\n      value=\"3\"\n      {{#if value '===' 3}}checked{{/if}}\n      {{#if required}}required{{/if}}\n      aria-required=\"{{required}}\">\n    <label class=\"form-label\" for=\"form-rating-{{name}}-3\">\n      {{#if icon}}{{{icon}}}{{/if}}\n      <span class=\"form-label-text\">{{lang 'forms.rating.label' rating=3 min=1 max=5}}</span>\n    </label>\n\n    <input class=\"form-input form-radio\"\n      id=\"form-rating-{{name}}-2\"\n      name=\"{{name}}\"\n      type=\"radio\"\n      value=\"2\"\n      {{#if value '===' 2}}checked{{/if}}\n      {{#if required}}required{{/if}}\n      aria-required=\"{{required}}\">\n    <label class=\"form-label\" for=\"form-rating-{{name}}-2\">\n      {{#if icon}}{{{icon}}}{{/if}}\n      <span class=\"form-label-text\">{{lang 'forms.rating.label' rating=2 min=1 max=5}}</span>\n    </label>\n\n    <input class=\"form-input form-radio\"\n      id=\"form-rating-{{name}}-1\"\n      name=\"{{name}}\"\n      type=\"radio\"\n      value=\"1\"\n      {{#if value '===' 1}}checked{{/if}}\n      {{#if required}}required{{/if}}\n      aria-required=\"{{required}}\">\n    <label class=\"form-label\" for=\"form-rating-{{name}}-1\">\n      {{#if icon}}{{{icon}}}{{/if}}\n      <span class=\"form-label-text\">{{lang 'forms.rating.label' rating=1 min=1 max=5}}</span>\n    </label>\n\n  </div>\n</div>\n","core/forms/common/select":"{{!\n  @param display_name string (optional)\n         The label text.\n\n  @param required bool (optional)\n         If true, this field will be required. Defaults to false.\n\n  @param id string (optional)\n         A unique ID for this field.\n\n  @param name string\n         The form input name.\n\n  @param private_id string (optional)\n         Assigned to the data-field-type attribute. A unique ID provided by the\n         Bigcommerce platform. Used to target specific elements, for example\n         Country or State inputs.\n\n  @param select_type string (optional)\n         Controls how the select options are populated.\n\n         If `range`, options will be generated for numbers using the `from` and\n         `to` params.\n\n         If `array`, options will be generated using the `options` param, an\n         array of values.\n\n         Otherwise, options will be generated using the `options` param, an\n         array of objects with `value` and `label` properties. This is what\n         the Bigcommerce platform passes us.\n\n  @param from number\n         The starting point for the range. Only used if `select_type` is set to\n         `range`.\n\n  @param to number\n         The ending point for the range. Only used if `select_type` is set to\n         `range`.\n}}\n<div class=\"form-field form-field-common form-field-select {{#if required}} form-required{{/if}}\" id=\"{{id}}\">\n  <label class=\"form-label\">\n    <span class=\"form-field-title\">\n      {{#if display_name}}\n        {{display_name}}\n      {{else}}\n        {{label}}\n      {{/if}}\n      {{#if required}}<span class=\"required-text\">{{lang 'common.required'}}</span>{{/if}}\n    </span>\n    <span class=\"form-field-control\">\n      <span class=\"form-select-wrapper\">\n        <select\n          class=\"form-input form-select\"\n          id=\"select-{{id}}\"\n          name=\"{{name}}\"\n          {{#if required}}required{{/if}}\n          aria-required=\"{{required}}\"\n          {{#if private_id}}data-field-type=\"{{private_id}}\"{{/if}}>\n\n          {{#if select_type '===' 'range'}}\n            {{#for from to}}\n              <option value=\"{{$index}}\">{{$index}}</option>\n            {{/for}}\n\n          {{else}}\n            {{#if select_type '===' 'array'}}\n              {{#each options}}\n                <option value=\"{{this}}\">{{this}}</option>\n              {{/each}}\n\n            {{else}}\n              {{#if options}}\n                <option value=\"\" disabled>{{chooseprefix}}</option>\n                {{#each options}}\n                  <option value=\"{{value}}\" {{#if selected}}selected{{/if}}>{{label}}</option>\n                {{/each}}\n              {{/if}}\n            {{/if}}\n\n          {{/if}}\n        </select>\n      </span>\n    </span>\n  </label>\n</div>\n","core/forms/common/selectortext":"{{! TODO: where is this used, and is it necessary }}\n<div class=\"form-field form-field-common form-field-selectortext {{#if required}} form-required{{/if}}\" id=\"{{id}}\">\n  <label class=\"form-label\">\n    <span class=\"form-field-title\">\n      {{label}}\n      {{#if required}}<span class=\"required-text\">{{lang 'common.required'}}</span>{{/if}}\n    </span>\n\n    <span class=\"form-field-control\">\n      {{! text input for non-JS experience }}\n      <noscript>\n        <input\n          class=\"form-input\"\n          id=\"input-{{id}}\"\n          name=\"{{name}}\"\n          type=\"text\"\n          value=\"{{value}}\"\n          {{#if required}}required{{/if}}\n          aria-required=\"{{required}}\">\n      </noscript>\n\n      {{! TODO: hide this for non-JS users? Otherwise two inputs show }}\n      <div class=\"form-select-wrapper\">\n        <select\n          class=\"form-input form-select\"\n          id=\"select-{{id}}\"\n          name=\"{{name}}\"\n          {{#if required}}required{{/if}}\n          aria-required=\"{{required}}\"\n          data-label=\"{{label}}\"\n          {{#if private_id}}data-field-type=\"{{private_id}}\"{{/if}}>\n          {{#if options}}\n            <option disabled>{{chooseprefix}}</option>\n            {{#each options}}\n              <option {{#if selected}} selected {{/if}}value=\"{{value}}\">{{label}}</option>\n            {{/each}}\n          {{/if}}\n        </select>\n      </div>\n    </span>\n  </label>\n</div>\n","components/common/breadcrumbs-partial":"<li class=\"breadcrumb-item{{#if @last}} is-active{{/if}}\">\n  {{#unless @first}}&rsaquo; {{/unless}}\n  {{#if url}}\n  <a class=\"breadcrumb-label\" href=\"{{url}}\"><span>{{name}}</span></a>\n  {{else}}\n  <span class=\"breadcrumb-label\">{{name}}</span>\n  {{/if}}\n\n</li>\n","components/header-menu":"\n<nav class=\"main-header-menu\">\n  <ul class=\"nav-menu navigation-tier navigation-tier-primary\" data-navigation-tier-primary>\n    <li class=\"has-slide-out header-navigation-item navigation-item-primary\">\n      <a class=\"navigation-link-primary\" href=\"#header-pane-category\" data-slideout-menu=\"header-pane-category\">{{lang 'product.label'}}</a>\n    </li>\n    {{#if shop_by_brand}}\n      <li class=\"has-slide-out header-navigation-item navigation-item-primary\">\n        <a class=\"navigation-link-primary\" href=\"#header-pane-brand\" data-slideout-menu=\"header-pane-brand\">{{lang 'brands.label'}}</a>\n      </li>\n    {{/if}}\n    <li class=\"has-slide-out header-navigation-item navigation-item-primary\">\n      <a class=\"navigation-link-primary\" href=\"#header-pane-pages\" data-slideout-menu=\"header-pane-pages\">{{lang 'page.label'}}</a>\n    </li>\n    <li class=\"header-navigation-item navigation-item-primary\">\n      <a class=\"navigation-link-primary toggle-search\" href=\"#modal-search\" class=\"toggle-search\">{{lang 'search.label'}}</a>\n    </li>\n    <li class=\"has-slide-out header-navigation-item navigation-item-primary\">\n      <a class=\"navigation-link-primary\" href=\"#header-cart-pane\" data-slideout-menu=\"header-cart-pane\">{{lang 'cart.label'}}</a>\n    </li>\n  </ul>\n</nav>\n\n","components/cart/quick-cart":"<div id=\"quick-cart\" class=\"quick-cart{{#unless cart.items.length}} empty{{/unless}}\" data-count=\"{{cart.quantity}}\">\n  <div data-quick-cart-content>\n    {{> components/cart/quick-cart-content this}}\n  </div>\n\n  <div data-quick-cart-totals>\n    {{> components/cart/quick-cart-totals this}}\n  </div>\n</div>\n","components/navigation-footer":"<nav class=\"main-footer-menu\">\n  <ul class=\"nav-menu navigation-tier\">\n    <li>\n      <a href=\"#header-pane-category\" data-slideout-menu>{{lang 'product.label'}}</a>\n    </li>\n    {{#if shop_by_brand}}\n      <li>\n        <a href=\"#header-pane-brand\" data-slideout-menu>{{lang 'brands.label'}}</a>\n      </li>\n    {{/if}}\n    <li>\n      <a href=\"#header-pane-pages\" data-slideout-menu>{{lang 'page.label'}}</a>\n    </li>\n    <li><a href=\"#modal-search\" class=\"toggle-search\">{{lang 'search.label'}}</a></li>\n    <li><a href=\"#header-cart-pane\" data-slideout-menu>{{lang 'cart.label'}}</a></li>\n  </ul>\n</nav>\n\n","components/common/mailing-list":"<section class=\"mailing-list {{location}}\">\n  <h3 class=\"section-title\">{{lang 'footer.mailing_list'}}</h3>\n\n  <p>{{lang 'footer.mailing_list_blurb'}}</p>\n\n  <form\n    class=\"mailing-list-form\"\n    action=\"{{urls.subscribe.action}}\"\n    method=\"post\"\n    data-validates\n  >\n    <input type=\"hidden\" name=\"action\" value=\"subscribe\">\n    <input type=\"hidden\" name=\"check\" value=\"1\">\n    <input type=\"hidden\" name=\"nl_first_name\" value=\"bc\">\n\n    <div class=\"form-field full-width-field\">\n      <label class=\"form-label\" for=\"nl_email\">\n        <span class=\"form-label-text\">{{lang 'common.email_address'}}</span>\n        <input\n          class=\"form-input mailing-list-email\"\n          id=\"nl_email\"\n          name=\"nl_email\"\n          type=\"email\"\n          {{#if customer}}value=\"{{customer.email}}\"{{/if}}\n        >\n      </label>\n\n      <input\n        class=\"mailing-list-submit form-input\"\n        type=\"submit\"\n        name=\"subscribe\"\n        value=\"&#xe60a;\"\n      >\n    </div>\n  </form>\n\n  {{#if settings.show_newsletter_summary}}\n    <p class=\"newsletter-summary\">{{settings.newsletter_summary}}</p>\n  {{/if}}\n</section>\n","core/geotrust-ssl-seal":"<table\n  class=\"geotrust-ssl-seal-table\"\n  width=\"135\"\n  border=\"0\"\n  cellpadding=\"2\"\n  cellspacing=\"0\"\n  title=\"{{lang 'core.geotrust.click_to_verify'}}\"\n>\n  <tr>\n    <td width=\"135\" align=\"center\" valign=\"top\">\n      <script type=\"text/javascript\" src=\"https://seal.geotrust.com/getgeotrustsslseal?host_name={{theme_settings.geotrust-ssl-common-name}}&amp;size={{theme_settings.geotrust-ssl-seal-size}}&amp;lang={{locale_name}}\"></script><br />\n      <a\n        href=\"http://www.geotrust.com/ssl/\"\n        target=\"_blank\"\n        style=\"color:#000000; text-decoration:none; font:bold 7px verdana,sans-serif; letter-spacing:.5px; text-align:center; margin:0px; padding:0px;\"\n      ></a>\n    </td>\n  </tr>\n</table>\n","components/products/review-modal":"<div id=\"modal-review-form\" class=\"review-modal-container\" {{#if product.reviews.messages.length \"!==\" 0}}data-open-review-initial{{/if}}>\n\n  <div class=\"review-modal-images\">\n    <figure class=\"review-image-container\">\n        <img src=\"{{getImage product.main_image '600x1200' (cdn theme_settings.default_image)}}\" alt=\"{{product.main_image.alt}}\"/>\n      <figcaption class=\"review-image-caption\">{{product.title}}</figcaption>\n    </figure>\n  </div>\n\n  <div class=\"review-modal-form\">\n    <h2 class=\"review-form-heading\">{{lang 'product.reviews.write_review'}}</h2>\n    {{#each product.reviews.messages}}\n      {{#if error '===' ''}}\n        {{> core/alerts/alert-error message=(lang 'product.reviews.errors.general')}}\n      {{else}}\n        {{#if error}}\n          {{> core/alerts/alert-error message=error}}\n        {{/if}}\n      {{/if}}\n\n      {{#if success}}\n        {{> core/alerts/alert-success message=success}}\n      {{/if}}\n    {{/each}}\n\n    <form class=\"form\" id=\"form-leave-a-review\" action=\"{{urls.product.post_review}}\" method=\"post\">\n\n      {{! Rating selection }}\n      <div class=\"form-field\">\n        <div class=\"form-label-text\">\n          {{lang 'product.reviews.form.select_a_rating'}}\n        </div>\n\n        <fieldset class=\"form-stars\">\n          <input type=\"radio\" id=\"stars-select-5\" class=\"form-input sr-only\" name=\"revrating\" value=\"5\" data-vd-message-required=\"{{lang 'forms.validation.required_rating'}}\" required>\n          <label for=\"stars-select-5\" class=\"input-star icon-star\" title=\"{{lang 'product.reviews.stars_count' NUM=5}}\">\n            <span class=\"span sr-only\">{{lang 'product.reviews.stars_count' NUM=5}}</span>\n          </label>\n          <input type=\"radio\" id=\"stars-select-4\" class=\"form-input sr-only\" name=\"revrating\" value=\"4\" data-vd-message-required=\"{{lang 'forms.validation.required_rating'}}\" required>\n          <label for=\"stars-select-4\" class=\"input-star icon-star\" title=\"{{lang 'product.reviews.stars_count' NUM=4}}\">\n            <span class=\"span sr-only\">{{lang 'product.reviews.stars_count' NUM=4}}</span>\n          </label>\n          <input type=\"radio\" id=\"stars-select-3\" class=\"form-input sr-only\" name=\"revrating\" value=\"3\" data-vd-message-required=\"{{lang 'forms.validation.required_rating'}}\" required>\n          <label for=\"stars-select-3\" class=\"input-star icon-star\" title=\"{{lang 'product.reviews.stars_count' NUM=3}}\">\n            <span class=\"span sr-only\">{{lang 'product.reviews.stars_count' NUM=3}}</span>\n          </label>\n          <input type=\"radio\" id=\"stars-select-2\" class=\"form-input sr-only\" name=\"revrating\" value=\"2\" data-vd-message-required=\"{{lang 'forms.validation.required_rating'}}\" required>\n          <label for=\"stars-select-2\" class=\"input-star icon-star\" title=\"{{lang 'product.reviews.stars_count' NUM=2}}\">\n            <span class=\"span sr-only\">{{lang 'product.reviews.stars_count' NUM=2}}</span>\n          </label>\n          <input type=\"radio\" id=\"stars-select-1\" class=\"form-input sr-only\" name=\"revrating\" value=\"1\" data-vd-message-required=\"{{lang 'forms.validation.required_rating'}}\" required>\n          <label for=\"stars-select-1\" class=\"input-star icon-star\" title=\"{{lang 'product.reviews.stars_count' NUM=1}}\">\n            <span class=\"span sr-only\">{{lang 'product.reviews.stars_count' NUM=1}}</span>\n          </label>\n        </fieldset>\n      </div>\n\n      {{! Name }}\n      <div class=\"form-field full-width-field\">\n        <label class=\"form-label\" for=\"rating-name\">\n          <span class=\"form-label-text\">{{lang 'product.reviews.form.name'}}</span>\n          <input id=\"rating-name\" class=\"form-input\" type=\"text\" name=\"revfromname\"\n              {{#if customer}}value=\"{{customer.name}}\"{{/if}} required>\n        </label>\n      </div>\n\n      {{! Email }}\n      <div class=\"form-field full-width-field\">\n        <label class=\"form-label\" for=\"rating-email\">\n          <span class=\"form-label-text\">{{lang 'product.reviews.form.email'}}</span>\n          <input id=\"rating-email\" class=\"form-input\" type=\"email\" name=\"email\"\n              {{#if customer}}value=\"{{customer.email}}\"{{/if}} required>\n        </label>\n      </div>\n\n      {{! Review Subject }}\n      <div class=\"form-field full-width-field\">\n        <label class=\"form-label\" for=\"rating-title\">\n          <span class=\"form-label-text\">{{lang 'product.reviews.form.subject'}}</span>\n          <input id=\"rating-title\" class=\"form-input\" type=\"text\" name=\"revtitle\" required>\n        </label>\n      </div>\n\n      {{! Comments }}\n      <div class=\"form-field full-width-field\">\n        <label class=\"form-label\" for=\"rating-comment\">\n          <span class=\"form-label-text\">{{lang 'product.reviews.form.comments'}}</span>\n          <textarea id=\"rating-comment\" class=\"form-input\" name=\"revtext\" rows=\"4\" required></textarea>\n        </label>\n      </div>\n\n      {{! Captcha }}\n      {{#if product.reviews.captcha}}\n        {{> core/forms/common/captcha captcha=product.reviews.captcha name=recaptcha_response_field}}\n      {{/if}}\n\n      <input type=\"hidden\" name=\"product_id\" value=\"{{product.id}}\">\n      <input type=\"hidden\" name=\"action\" value=\"post_review\">\n      {{#if product.reviews.throttleToken}}\n        <input type=\"hidden\" name=\"throttleToken\" value=\"{{product.reviews.throttleToken}}\">\n      {{/if}}\n\n      <input type=\"submit\" class=\"form-submit button button-primary\" value=\"{{lang 'product.reviews.form.submit'}}\"/>\n    </form>\n  </div>\n</div>\n","core/account/_private/layout-heading":"<div class=\"account-header\">\n  <h1 class=\"account-heading\">{{#block 'account-heading'}}{{/block}}</h1>\n\n  <div class=\"account-toolbar\">{{#block 'account-toolbar'}}{{/block}}</div>\n</div>\n","core/account/_private/navigation":"<nav class=\"account-nav\">\n  <ul class=\"account-nav-list\">\n    <li class=\"account-nav-item{{#if nav_page '===' 'orders'}} is-active{{/if}}\">\n      <a class=\"account-nav-link\" href=\"{{urls.account.orders.all}}\">{{lang 'core.account.menu.orders'}}</a>\n    </li>\n\n    {{#if settings.returns_enabled}}\n      <li class=\"account-nav-item{{#if nav_page '===' 'returns'}} is-active{{/if}}\">\n        <a class=\"account-nav-link\" href=\"{{urls.account.returns}}\">{{lang 'core.account.menu.returns'}}</a>\n      </li>\n    {{/if}}\n\n    <li class=\"account-nav-item{{#if nav_page '===' 'messages'}} is-active{{/if}}\">\n      <a class=\"account-nav-link\" href=\"{{urls.account.inbox}}\">{{lang 'core.account.menu.messages'}}\n        {{#if customer.num_new_messages}}\n          <span class=\"account-nav-badge\">{{customer.num_new_messages}}</span>\n        {{/if}}\n      </a>\n    </li>\n\n    <li class=\"account-nav-item{{#if nav_page '===' 'addresses'}} is-active{{/if}}\">\n      <a class=\"account-nav-link\" href=\"{{urls.account.addresses}}\">{{lang 'core.account.menu.addresses'}}</a>\n    </li>\n\n    {{#if settings.show_wishlist}}\n      <li class=\"account-nav-item{{#if nav_page '===' 'wishlists'}} is-active{{/if}}\">\n        <a class=\"account-nav-link\" href=\"{{urls.account.wishlists.all}}\">{{lang 'core.account.menu.wishlists'}}</a>\n      </li>\n    {{/if}}\n\n    <li class=\"account-nav-item{{#if nav_page '===' 'recent_items'}} is-active{{/if}}\">\n      <a class=\"account-nav-link\" href=\"{{urls.account.recent_items}}\">{{lang 'core.account.menu.recently_viewed'}}</a>\n    </li>\n\n    <li class=\"account-nav-item{{#if nav_page '===' 'settings'}} is-active{{/if}}\">\n      <a class=\"account-nav-link\" href=\"{{urls.account.details}}\">{{lang 'core.account.menu.settings'}}</a>\n    </li>\n  </ul>\n\n  {{#if customer.store_credit.value '>' 0}}\n    {{> core/alerts/alert-success (lang 'core.account.common.store_credit' store_credit=customer.store_credit.formatted)}}\n  {{/if}}\n</nav>\n","components/cart/quick-cart-content":"<div class=\"quick-cart-content-area\">\n\n  {{#if cart.items.length}}\n\n    {{#each cart.items}}\n      {{> components/cart/quick-cart-item this default_image=../theme_settings.default_image}}\n    {{/each}}\n\n  {{else}}\n\n    <div class=\"empty-cart\">{{lang 'cart.empty'}}</div>\n\n  {{/if}}\n</div>\n","components/cart/quick-cart-totals":"\n{{#if cart.items.length}}\n  <div class=\"quick-cart-footer\">\n\n    <div class=\"quick-cart-subtotal\">\n      <div class=\"label\">{{lang 'cart.subtotal'}}:</div>\n      <div class=\"total\">{{cart.sub_total.formatted}}</div>\n    </div>\n\n    <div class=\"quick-cart-actions\">\n      <a\n        href=\"{{urls.checkout.single_address}}\"\n        class=\"button button-primary button-wide checkout-button\"\n      >\n        {{lang 'cart.checkout'}}\n      </a>\n      {{#if cart.show_multiple_address_shipping}}\n        <a class=\"checkout-multiple\" href=\"{{urls.checkout.multiple_address}}\">\n          {{lang 'cart.checkout_multiple'}}\n        </a>\n      {{/if}}\n      <a\n        href=\"{{urls.cart}}\"\n        class=\"button button-secondary button-wide view-cart-button\"\n      >\n        {{lang 'account_general.view_cart'}}\n      </a>\n    </div>\n\n  </div>\n{{/if}}\n","components/cart/quick-cart-item":"<div class=\"quick-cart-item\" data-id=\"{{id}}\" data-qty=\"{{quantity}}\" data-item-row>\n\n  <div class=\"quick-cart-image-column {{#if type \"===\" \"GiftCertificate\"}}type-gift-certificate{{/if}}\">\n\n    <img class=\"quick-cart-image\" src=\"{{getImage image '70x70' (cdn default_image)}}\" alt=\"{{name}}\">\n\n    {{#if type \"!==\" \"GiftCertificate\"}}\n      <span class=\"quick-cart-quantity-overlay\" data-value=\"{{quantity}}\" aria-live=\"polite\" id=\"quick-cart-qty-{{id}}\">\n        {{quantity}}\n      </span>\n\n      <div class=\"quick-cart-item-actions\">\n\n        <button class=\"quick-cart-item-action\" data-quick-cart-update data-item-id=\"{{id}}\" data-action=\"increase\">\n          <i class=\"icon-increase\" aria-hidden=\"true\"></i> <span class=\"sr-only\">{{lang 'cart.product.increase'}}</span>\n        </button>\n\n        <button class=\"quick-cart-item-action\" data-quick-cart-update data-item-id=\"{{id}}\" data-action=\"decrease\">\n          <i class=\"icon-decrease\" aria-hidden=\"true\"></i> <span class=\"sr-only\">{{lang 'cart.product.decrease'}}</span>\n        </button>\n\n      </div>\n    {{/if}}\n\n  </div>\n\n  <div class=\"quick-cart-content-column {{#if type \"===\" \"GiftCertificate\"}}type-giftcertificate{{/if}}\">\n    <h5 class=\"quick-cart-product-name\">{{name}}</h5>\n    {{lang 'cart.quantity_in_cart' quantity=quantity at_price=price.formatted}}\n  </div>\n\n</div>\n"}
