{"components/cart/cart-totals":"\n<ul class=\"cart-totals\">\n  <li class=\"cart-total\">\n    <span class=\"cart-total-label\">\n      {{lang 'cart.subtotal'}}\n    </span>\n    <span class=\"cart-total-value\">\n      {{cart.sub_total.formatted}}\n    </span>\n  </li>\n\n  {{#if cart.discount}}\n    <li class=\"cart-total\">\n      <span class=\"cart-total-label\">\n        {{lang 'cart.discount'}}\n      </span>\n      <span class=\"cart-total-value\">\n        {{cart.discount.formatted}}\n      </span>\n    </li>\n  {{/if}}\n\n  {{#each cart.taxes}}\n    <li class=\"cart-total\">\n      <span class=\"cart-total-label\">\n        {{name}}\n      </span>\n      <span class=\"cart-total-value\">\n        {{cost.formatted}}\n      </span>\n    </li>\n  {{/each}}\n\n  {{> components/cart/cart-coupon-codes}}\n  {{#if settings.gift_certificates_enabled}}\n    {{> components/cart/gift-certificate/certificate}}\n  {{/if}}\n  {{> components/cart/gift-wrap/gift-wrap-totals}}\n  {{> components/cart/cart-shipping-calculator cart.shipping_handling}}\n\n  <li class=\"cart-total cart-total-grand-total\">\n    <span class=\"cart-grand-total-label\">\n      {{lang 'cart.grand_total'}}\n    </span>\n    <span class=\"cart-grand-total-value\">\n      {{cart.grand_total.formatted}}\n    </span>\n  </li>\n</ul>\n","components/cart/cart-coupon-codes":"<li class=\"cart-total\">\n  {{#if cart.coupons}}\n    {{#each cart.coupons}}\n      <div class=\"cart-total-coupon\">\n        <span class=\"cart-total-label\">\n          {{lang 'cart.coupon_codes.coupon_code_label' code=code}}\n          <a class=\"coupon-code-remove\" href=\"{{remove_url}}\">({{lang 'cart.coupon_codes.remove'}})</a>\n        </span>\n        <span class=\"cart-total-value\">{{discount.formatted}}</span>\n      </div>\n    {{/each}}\n  {{/if}}\n\n  {{> components/cart/cart-coupon-input}}\n</li>\n","components/cart/gift-certificate/certificate":"<li class=\"cart-total\">\n  {{#if cart.gift_certificates}}\n    {{#each cart.gift_certificates}}\n      <div class=\"cart-total-certificate\">\n        <span class=\"cart-total-label\">\n          {{lang 'cart.gift_certificates.giftcert' code=code}}\n        </span>\n        <span class=\"cart-total-value\">\n          <a class=\"cart-certificate-remove\" href=\"{{remove_url}}\">({{lang 'cart.gift_certificates.remove'}})</a>\n        </span>\n      </div>\n    {{/each}}\n  {{/if}}\n\n  {{> components/cart/gift-certificate/certificate-input}}\n</li>\n","components/cart/gift-wrap/gift-wrap-totals":"\n{{#if cart.gift_wrapping_cost}}\n  <li class=\"cart-total\">\n    <span class=\"cart-total-label\">{{lang 'cart.gift_wrapping.title'}}</span>\n    <span class=\"cart-total-value\">{{cart.gift_wrapping_cost.formatted}}</span>\n  </li>\n{{/if}}\n","components/cart/cart-shipping-calculator":"{{inject 'addInfo' (lang 'cart.shipping_calculator.add_info')}}\n{{inject 'hideCalc' (lang 'cart.shipping_calculator.hide_calculator')}}\n\n<li class=\"cart-total\">\n  {{! Start Cart-Shipping Label }}\n  <span class=\"cart-total-label\">{{lang 'cart.shipping_calculator.title'}}</span>\n  <span class=\"cart-total-value\">\n    {{#if shipping_cost}}\n      <button class=\"cart-total-amount shipping-calculator-toggle\" data-cost-default=\"{{shipping_cost.formatted}}\">\n        {{shipping_cost.formatted}}\n      </button>\n    {{else}}\n      {{#if shipping_cost \"===\" 0}}\n        {{#if provider}}\n          <button class=\"cart-total-amount shipping-calculator-toggle\">\n            {{provider.description}}\n          </button>\n        {{/if}}\n      {{else}}\n        <button\n          class=\"cart-total-amount shipping-calculator-toggle\">\n          {{lang 'cart.shipping_calculator.add_info'}}\n        </button>\n      {{/if}}\n    {{/if}}\n  </span>\n  {{! End Cart-Shipping Label }}\n\n  {{! Start Shipping Calculator }}\n  <div class=\"shipping-calculator hidden\">\n    <form class=\"shipping-calculator-form\" data-shipping-calculator>\n      <div class=\"form-field\">\n        <label class=\"form-label\" for=\"shipping-country\">\n          <span class=\"form-label-text\">{{lang 'cart.shipping_calculator.select_a_country'}}</span>\n          <span class=\"select-wrapper\">\n            <select class=\"form-select\" id=\"shipping-country\" name=\"shipping-country\" data-field-type=\"Country\">\n              {{#each countries}}\n                <option value=\"{{id}}\" {{#if selected}}selected=\"selected\"{{/if}}>{{name}}</option>\n              {{/each}}\n            </select>\n          </span>\n        </label>\n      </div>\n\n      <div class=\"form-field\">\n        <label class=\"form-label\" for=\"shipping-state\">\n          <span class=\"form-label-text\">{{lang 'cart.shipping_calculator.select_a_state'}}</span>\n          <span class=\"select-wrapper\">\n            <select class=\"form-select\" id=\"shipping-state\" name=\"shipping-state\" data-field-type=\"State\">\n              {{#each states}}\n                <option value=\"{{id}}\" {{#if selected}}selected=\"selected\"{{/if}}>{{name}}</option>\n              {{/each}}\n            </select>\n          </span>\n        </label>\n      </div>\n\n      <div class=\"form-field\">\n        <label class=\"form-label\" for=\"shipping-zip\">\n          <span class=\"form-label-text\">{{lang 'cart.shipping_calculator.zip_postal_code'}}</span>\n          <input class=\"form-input\" type=\"text\" id=\"shipping-zip\" name=\"shipping-zip\" value=\"{{selected_zip}}\">\n        </label>\n      </div>\n\n      {{inject 'required' (lang 'forms.required')}}\n      {{inject 'state_error' (lang 'forms.errors.state_error')}}\n\n      <div class=\"form-field\">\n        <button class=\"button button-primary button-small\">\n          {{lang 'cart.shipping_calculator.estimate_shipping'}}\n        </button>\n      </div>\n    </form>\n\n    <div class=\"shipping-quotes\"></div>\n  </div>\n  {{! End Shipping Calculator }}\n\n</li>\n","components/cart/cart-coupon-input":"{{inject 'addCode' (lang 'cart.coupon_codes.add_code')}}\n{{inject 'hideCoupons' (lang 'cart.coupon_codes.hide_coupons')}}\n\n<div class=\"cart-total coupon-code-wrapper\">\n  <span class=\"cart-total-label\">{{lang 'cart.coupon_codes.enter_code'}}</span>\n\n  {{#if cart.discount \">\" 0}}\n    <button class=\"cart-total-value coupon-code-toggle\" data-discount-default=\"{{cart.discount.formatted}}\">{{cart.discount.formatted}}</button>\n  {{else}}\n    <button class=\"cart-total-value coupon-code-toggle\">{{lang 'cart.coupon_codes.add_code'}}</button>\n  {{/if}}\n\n  <form class=\"coupon-code-form hidden\" method=\"post\" action=\"{{urls.cart}}\">\n    <div class=\"form-field coupon-entry-field\">\n      <label class=\"form-label\" for=\"couponcode\">\n        <span class=\"form-label-text form-hidden\">{{lang 'cart.coupon_codes.coupon_code'}}</span>\n        <input class=\"form-input\" data-error=\"{{lang 'cart.coupon_codes.empty_error'}}\" id=\"couponcode\" type=\"text\" name=\"couponcode\" value=\"\" placeholder=\"{{lang 'cart.coupon_codes.coupon_code'}}\">\n      </label>\n    </div>\n    <div class=\"form-field coupon-entry-submit\">\n      <input class=\"button button-primary button-small\" type=\"submit\" value=\"{{lang 'cart.coupon_codes.submit'}}\">\n      <input type=\"hidden\" name=\"action\" value=\"applycoupon\">\n    </div>\n  </form>\n</div>\n","components/cart/gift-certificate/certificate-input":"{{inject 'invalidCertificate' (lang 'cart.gift_certificates.invalid_error')}}\n{{inject 'addCertificate' (lang 'cart.gift_certificates.add_cert_label')}}\n{{inject 'hideForm' (lang 'cart.gift_certificates.cancel')}}\n\n<div class=\"cart-total certificate-wrapper\">\n  <span class=\"cart-total-label\">{{lang 'cart.gift_certificates.title'}}</span>\n  <button class=\"cart-total-value certificate-toggle\">{{lang 'cart.gift_certificates.add_cert_label'}}</button>\n\n  <form class=\"certificate-form hidden\" method=\"post\" action=\"{{urls.cart}}\">\n    <div class=\"form-field\">\n      <label class=\"form-label\" for=\"certcode\">\n        <span class=\"form-label-text form-hidden\">{{lang 'cart.gift_certificates.add_certificate'}}</span>\n        <input class=\"form-input\" data-error=\"{{lang 'cart.gift_certificates.empty_error'}}\" id=\"certcode\" type=\"text\" name=\"certcode\" value=\"\" placeholder=\"{{lang 'cart.gift_certificates.add_certificate'}}\">\n      </label>\n    </div>\n    <div class=\"form-field certificate-submit\">\n      <input class=\"button button-primary button-small\" type=\"submit\" value=\"{{lang 'cart.coupon_codes.submit'}}\">\n      <input type=\"hidden\" name=\"action\" value=\"applycoupon\">\n    </div>\n  </form>\n</div>\n"}
