{"core/account/add-address":"{{#partial 'account-heading'}}\n  {{#if forms.address.address_id}}\n    {{lang 'core.account.addresses.edit_heading'}}\n  {{else}}\n    {{lang 'core.account.addresses.add_heading'}}\n  {{/if}}\n{{/partial}}\n\n{{#partial 'account-content'}}\n  {{#if forms.address.error}}\n    {{> core/alerts/alert-error forms.address.error}}\n  {{/if}}\n\n  <form class=\"form account-address-form\" action=\"{{forms.address.action}}\" id=\"address-form\" method=\"post\" data-validated-form>\n    {{#if forms.address.address_id}}\n      <input type=\"hidden\" name=\"shipid\" value=\"{{forms.address.address_id}}\">\n    {{/if}}\n\n    {{#each forms.address.shipping_fields}}\n      {{{dynamicComponent 'core/forms/common'}}}\n    {{/each}}\n\n    <div class=\"form-actions\">\n      <input type=\"submit\" class=\"button account-button-primary\" value=\"{{lang 'core.account.addresses.submit'}}\">\n      <a href=\"{{urls.account.addresses}}\" class=\"button account-button-secondary\">{{lang 'core.account.common.cancel'}}</a>\n    </div>\n  </form>\n{{/partial}}\n\n{{> core/account/_private/layout nav_page='addresses' class='add-address'}}\n","core/account/_private/layout":"{{!\n  A wrapper for all account pages.\n\n  @block account-heading\n         The page's title.\n\n  @block account-content\n         The content for the main part of the layout.\n\n  @param class string\n         A name for the current page, added as a class to the account wrapper.\n\n  @param nav string\n         If \"hidden\", no nav will be shown.\n\n  @param nav_page string\n         If matches a string in navigation.html, that link will be made active.\n\n  @param header string\n         If \"hidden\", no header will be shown.\n         If \"top\", header will be shown above the nav.\n         Otherwise, header will be shown above the content.\n}}\n<section class=\"account-wrapper account-page-{{class}}{{#if nav '===' 'hidden'}} account-nav-hidden{{/if}}\">\n  {{#if header '===' 'top'}}{{> core/account/_private/layout-heading}}{{/if}}\n\n  {{#if nav '!==' 'hidden'}}\n    {{> core/account/_private/navigation nav_page=nav_page}}\n  {{/if}}\n\n  <div class=\"account-body\">\n    {{#unless header}}{{> core/account/_private/layout-heading}}{{/unless}}\n\n    <div class=\"account-content\">\n      {{#block 'account-content'}}{{/block}}\n    </div>\n  </div>\n</section>\n","core/alerts/alert-error":"<div class=\"alert alert-error\">\n  {{#if dismissable}}<a class=\"alert-dismiss\">&times;</a>{{/if}}\n\n  <div class=\"alert-message\">\n    {{#if message}}\n      {{{message}}}\n    {{else}}\n      {{{this}}}\n    {{/if}}\n  </div>\n</div>\n","core/forms/common/captcha":"{{!\n  Basically just a wrapper.\n  If you call this file it should serve the correct markup based on where it's called from.\n}}\n\n{{#if product.reviews.recaptcha}}\n  {{{product.reviews.recaptcha.markup}}}\n{{/if}}\n{{#if forms.create_account.recaptcha}}\n  {{{forms.create_account.recaptcha.markup}}}\n{{/if}}\n{{#if forms.contact.recaptcha}}\n  {{{forms.contact.recaptcha.markup}}}\n{{/if}}\n","core/forms/common/checkbox":"\n{{#if checkboxes}}\n  <div class=\"form-field form-field-common form-field-checkbox {{#if required}} form-required{{/if}}\" id=\"{{id}}\">\n    <div class=\"form-field-title\">\n      {{label}}\n      {{#if required}}<span class=\"required-text\">{{lang 'common.required'}}</span>{{/if}}\n    </div>\n\n    <div class=\"form-field-control\">\n      {{#each checkboxes}}\n        <label class=\"form-label {{class}}\">\n          <input\n            class=\"form-input form-checkbox\"\n            id=\"checkbox-{{name}}\"\n            name=\"{{../name}}{{#if ../../checkboxes.length '>' 1}}[]{{/if}}\"\n            type=\"checkbox\"\n            value=\"{{value}}\"\n            {{#if checked}}checked{{/if}}\n            {{#if ../required}}\n              {{#if ../../checkboxes.length '===' 1}}required{{/if}}\n              data-validates=\"minChecked[1],maxChecked[{{../../checkboxes.length}}]\"\n              data-vd-message-minChecked=\"{{lang 'core.forms.min_checked' count=1}}\"\n              data-vd-message-maxChecked=\"{{lang 'core.forms.max_checked' count=../../checkboxes.length}}\"\n            {{/if}}\n            aria-required=\"{{../required}}\">\n          <span class=\"form-label-text\">{{label}}</span>\n        </label>\n      {{/each}}\n    </div>\n  </div>\n{{/if}}\n","core/forms/common/date":"\n<div class=\"form-field form-field-common form-field-date {{#if required}} form-required{{/if}}\" id=\"{{id}}\">\n  <span class=\"form-label\">\n\n    <span class=\"form-field-title\">\n      {{label}}\n      {{#if required}}<span class=\"required-text\">{{lang 'common.required'}}</span>{{/if}}\n    </span>\n\n    <span class=\"form-field-control\">\n      <span class=\"form-select-wrapper form-date-year\">\n        <select\n          class=\"form-input form-select\"\n          id=\"date-year-{{id}}\"\n          name=\"{{year.name}}\"\n          {{#if required}}required{{/if}}\n          aria-required=\"{{required}}\">\n          <option disabled>{{lang 'forms.date.year'}}</option>\n          {{#each year.items}}\n            <option {{#if ../year.value '==' value}}selected{{/if}} value=\"{{value}}\">{{label}}</option>\n          {{/each}}\n        </select>\n      </span>\n\n      <span class=\"form-select-wrapper form-date-month\">\n        <select\n          class=\"form-input form-select\"\n          id=\"date-month-{{id}}\"\n          name=\"{{month.name}}\"\n          {{#if required}}required{{/if}}\n          aria-required=\"{{required}}\">\n          <option disabled>{{lang 'forms.date.month'}}</option>\n          {{#each month.items}}\n            <option {{#if ../month.value '==' value}}selected{{/if}} value=\"{{value}}\">{{label}}</option>\n          {{/each}}\n        </select>\n      </span>\n\n      <span class=\"form-select-wrapper form-date-day\">\n        <select\n          class=\"form-input form-select\"\n          id=\"date-day-{{id}}\"\n          name=\"{{day.name}}\"\n          {{#if required}}required{{/if}}\n          aria-required=\"{{required}}\">\n          <option disabled>{{lang 'forms.date.day'}}</option>\n          {{#each day.items}}\n            <option {{#if ../day.value '==' value}}selected{{/if}} value=\"{{value}}\">{{label}}</option>\n          {{/each}}\n        </select>\n      </span>\n    </span>\n\n  </span>\n</div>\n","core/forms/common/email":"\n<div class=\"form-field form-field-common form-field-email {{#if required}} form-required{{/if}}\" id=\"{{id}}\">\n  <label class=\"form-label\">\n    <span class=\"form-field-title\">\n      {{label}}\n      {{#if required}}<span class=\"required-text\">{{lang 'common.required'}}</span>{{/if}}\n    </span>\n    <span class=\"form-field-control\">\n      <input class=\"form-input\"\n        id=\"input-{{id}}\"\n        name=\"{{name}}\"\n        type=\"email\"\n        placeholder=\"{{prefill}}\"\n        {{#if value}}value=\"{{value}}\"{{/if}}\n        {{#if private_id}}data-field-type=\"{{private_id}}\"{{/if}}\n        {{#if required}}required{{/if}}\n        aria-required=\"{{required}}\">\n    </span>\n  </label>\n</div>\n","core/forms/common/multiline":"{{!\n  Textarea form component\n\n  @param validation_message string\n         Custom validation message\n}}\n<div class=\"form-field form-field-common form-field-multiline {{#if required}}form-required{{/if}}\" id=\"{{id}}\">\n  <label class=\"form-label\">\n    <span class=\"form-field-title\">\n      {{label}}\n      {{#if required}}<span class=\"required-text\">{{lang 'common.required'}}</span>{{/if}}\n    </span>\n    <span class=\"form-field-control\">\n      <textarea\n        class=\"form-input\"\n        id=\"textarea-{{id}}\"\n        name=\"{{name}}\"\n        placeholder=\"{{prefill}}\"\n        rows=\"{{rows}}\"\n        {{#if required}}\n          required\n          {{#if validation_message}}\n            data-vd-message-required=\"{{validation_message}}\"\n          {{/if}}\n        {{/if}}\n        aria-required=\"{{required}}\">{{value}}</textarea>\n    </span>\n  </label>\n</div>\n","core/forms/common/number":"\n<div class=\"form-field form-field-common form-field-number {{#if required}} form-required{{/if}}\" id=\"{{id}}\">\n  <label class=\"form-label\">\n    <span class=\"form-field-title\">\n      {{label}}\n      {{#if required}}<span class=\"required-text\">{{lang 'common.required'}}</span>{{/if}}\n    </span>\n    <span class=\"form-field-control\">\n      <input\n        class=\"form-input\"\n        id=\"input-{{id}}\"\n        name=\"{{name}}\"\n        type=\"number\"\n        value=\"{{value}}\"\n        min=\"{{limitfrom}}\"\n        max=\"{{limitto}}\"\n        title=\"{{lang 'forms.range' limitFrom=limitfrom limitTo=limitto}}\"\n        {{#if private_id}}data-field-type=\"{{private_id}}\"{{/if}}\n        {{#if required}}required{{/if}}\n        aria-required=\"{{required}}\">\n    </span>\n  </label>\n</div>\n","core/forms/common/password":"\n<div class=\"form-field form-field-common form-field-password {{#if required}} form-required{{/if}}\" id=\"{{id}}\">\n  <label class=\"form-label\">\n    <span class=\"form-field-title\">\n      {{label}}\n      {{#if required}}<span class=\"required-text\">{{lang 'common.required'}}</span>{{/if}}\n    </span>\n    <span class=\"form-field-control\">\n      <input class=\"form-input\"\n        id=\"password-{{id}}\"\n        name=\"{{name}}\"\n        type=\"password\"\n        placeholder=\"{{prefill}}\"\n        {{#if value}}value=\"{{value}}\"{{/if}}\n        {{#if private_id}}data-field-type=\"{{private_id}}\"{{/if}}\n        {{#if required}}required{{/if}}\n        {{#if value_match}}\n          data-validates=\"equalTo[{{value_match}}]\"\n          data-vd-message-equalTo=\"{{lang 'core.forms.passwords_no_match'}}\"\n        {{/if}}\n        {{#if min_length}}\n          data-validates=\"minLength[{{min_length}}]\"\n          data-vd-message-minLength=\"{{lang 'core.forms.password_length' min_length=min_length}}\"\n        {{/if}}\n        aria-required=\"{{required}}\">\n    </span>\n  </label>\n</div>\n","core/forms/common/radio":"\n{{#if radios}}\n  <div class=\"form-field form-field-common form-field-radio {{#if required}} form-required{{/if}}\" id=\"{{id}}\">\n    <div class=\"form-field-title\">\n      {{label}}\n      {{#if required}}<span class=\"required-text\">{{lang 'common.required'}}</span>{{/if}}\n    </div>\n    <div class=\"form-field-control\">\n      {{#each radios}}\n        <label class=\"form-label\">\n          <input class=\"form-input form-radio\"\n            id=\"radio-{{../name}}-{{#if id}}{{id}}{{else}}{{display}}{{/if}}\"\n            name=\"{{../name}}\"\n            type=\"radio\"\n            value=\"{{value}}\"\n            {{#if checked}}checked{{/if}}\n            {{#if private_id}}data-field-type=\"{{private_id}}\"{{/if}}\n            {{#if ../required}}required{{/if}}\n            aria-required=\"{{../required}}\">\n          <span class=\"form-label-text\">\n            {{#if label}}\n              {{label}}\n            {{else}}\n              {{display}}\n            {{/if}}\n          </span>\n        </label>\n      {{/each}}\n    </div>\n  </div>\n{{/if}}\n","core/forms/common/rating":"{{!\n  Rating form field. Shows a radio input for each possible rating.\n\n  Note: Shown in reverse-order to allow :checked styling without JS.\n\n  Not used by stencil.\n\n  @param label string\n         The title of this form field.\n\n  @param name string\n         The name attribute for the form inputs.\n\n  @param value number (optional)\n         The selected rating.\n\n  @param required bool (optional)\n         If true, this field is required for the form submission.\n\n  @param icon string (optional)\n         Some markup to insert into the labels.\n\n  @param id string (optional)\n         An HTML ID to give the field element.\n}}\n<div class=\"form-field form-field-rating {{#if required}}form-required{{/if}}\" {{#if id}}id=\"{{id}}\"{{/if}}>\n  <div class=\"form-field-title\">\n    {{label}}\n    {{#if required}}<span class=\"required-text\">{{lang 'common.required'}}</span>{{/if}}\n  </div>\n  <div class=\"form-field-control\">\n\n    <input class=\"form-input form-radio\"\n      id=\"form-rating-{{name}}-5\"\n      name=\"{{name}}\"\n      type=\"radio\"\n      value=\"5\"\n      {{#if value '===' 5}}checked{{/if}}\n      {{#if required}}required{{/if}}\n      aria-required=\"{{required}}\">\n    <label class=\"form-label\" for=\"form-rating-{{name}}-5\">\n      {{#if icon}}{{{icon}}}{{/if}}\n      <span class=\"form-label-text\">{{lang 'forms.rating.label' rating=5 min=1 max=5}}</span>\n    </label>\n\n    <input class=\"form-input form-radio\"\n      id=\"form-rating-{{name}}-4\"\n      name=\"{{name}}\"\n      type=\"radio\"\n      value=\"4\"\n      {{#if value '===' 4}}checked{{/if}}\n      {{#if required}}required{{/if}}\n      aria-required=\"{{required}}\">\n    <label class=\"form-label\" for=\"form-rating-{{name}}-4\">\n      {{#if icon}}{{{icon}}}{{/if}}\n      <span class=\"form-label-text\">{{lang 'forms.rating.label' rating=4 min=1 max=5}}</span>\n    </label>\n\n    <input class=\"form-input form-radio\"\n      id=\"form-rating-{{name}}-3\"\n      name=\"{{name}}\"\n      type=\"radio\"\n      value=\"3\"\n      {{#if value '===' 3}}checked{{/if}}\n      {{#if required}}required{{/if}}\n      aria-required=\"{{required}}\">\n    <label class=\"form-label\" for=\"form-rating-{{name}}-3\">\n      {{#if icon}}{{{icon}}}{{/if}}\n      <span class=\"form-label-text\">{{lang 'forms.rating.label' rating=3 min=1 max=5}}</span>\n    </label>\n\n    <input class=\"form-input form-radio\"\n      id=\"form-rating-{{name}}-2\"\n      name=\"{{name}}\"\n      type=\"radio\"\n      value=\"2\"\n      {{#if value '===' 2}}checked{{/if}}\n      {{#if required}}required{{/if}}\n      aria-required=\"{{required}}\">\n    <label class=\"form-label\" for=\"form-rating-{{name}}-2\">\n      {{#if icon}}{{{icon}}}{{/if}}\n      <span class=\"form-label-text\">{{lang 'forms.rating.label' rating=2 min=1 max=5}}</span>\n    </label>\n\n    <input class=\"form-input form-radio\"\n      id=\"form-rating-{{name}}-1\"\n      name=\"{{name}}\"\n      type=\"radio\"\n      value=\"1\"\n      {{#if value '===' 1}}checked{{/if}}\n      {{#if required}}required{{/if}}\n      aria-required=\"{{required}}\">\n    <label class=\"form-label\" for=\"form-rating-{{name}}-1\">\n      {{#if icon}}{{{icon}}}{{/if}}\n      <span class=\"form-label-text\">{{lang 'forms.rating.label' rating=1 min=1 max=5}}</span>\n    </label>\n\n  </div>\n</div>\n","core/forms/common/select":"{{!\n  @param display_name string (optional)\n         The label text.\n\n  @param required bool (optional)\n         If true, this field will be required. Defaults to false.\n\n  @param id string (optional)\n         A unique ID for this field.\n\n  @param name string\n         The form input name.\n\n  @param private_id string (optional)\n         Assigned to the data-field-type attribute. A unique ID provided by the\n         Bigcommerce platform. Used to target specific elements, for example\n         Country or State inputs.\n\n  @param select_type string (optional)\n         Controls how the select options are populated.\n\n         If `range`, options will be generated for numbers using the `from` and\n         `to` params.\n\n         If `array`, options will be generated using the `options` param, an\n         array of values.\n\n         Otherwise, options will be generated using the `options` param, an\n         array of objects with `value` and `label` properties. This is what\n         the Bigcommerce platform passes us.\n\n  @param from number\n         The starting point for the range. Only used if `select_type` is set to\n         `range`.\n\n  @param to number\n         The ending point for the range. Only used if `select_type` is set to\n         `range`.\n}}\n<div class=\"form-field form-field-common form-field-select {{#if required}} form-required{{/if}}\" id=\"{{id}}\">\n  <label class=\"form-label\">\n    <span class=\"form-field-title\">\n      {{#if display_name}}\n        {{display_name}}\n      {{else}}\n        {{label}}\n      {{/if}}\n      {{#if required}}<span class=\"required-text\">{{lang 'common.required'}}</span>{{/if}}\n    </span>\n    <span class=\"form-field-control\">\n      <span class=\"form-select-wrapper\">\n        <select\n          class=\"form-input form-select\"\n          id=\"select-{{id}}\"\n          name=\"{{name}}\"\n          {{#if required}}required{{/if}}\n          aria-required=\"{{required}}\"\n          {{#if private_id}}data-field-type=\"{{private_id}}\"{{/if}}>\n\n          {{#if select_type '===' 'range'}}\n            {{#for from to}}\n              <option value=\"{{$index}}\">{{$index}}</option>\n            {{/for}}\n\n          {{else}}\n            {{#if select_type '===' 'array'}}\n              {{#each options}}\n                <option value=\"{{this}}\">{{this}}</option>\n              {{/each}}\n\n            {{else}}\n              {{#if options}}\n                <option value=\"\" disabled>{{chooseprefix}}</option>\n                {{#each options}}\n                  <option value=\"{{value}}\" {{#if selected}}selected{{/if}}>{{label}}</option>\n                {{/each}}\n              {{/if}}\n            {{/if}}\n\n          {{/if}}\n        </select>\n      </span>\n    </span>\n  </label>\n</div>\n","core/forms/common/selectortext":"{{! TODO: where is this used, and is it necessary }}\n<div class=\"form-field form-field-common form-field-selectortext {{#if required}} form-required{{/if}}\" id=\"{{id}}\">\n  <label class=\"form-label\">\n    <span class=\"form-field-title\">\n      {{label}}\n      {{#if required}}<span class=\"required-text\">{{lang 'common.required'}}</span>{{/if}}\n    </span>\n\n    <span class=\"form-field-control\">\n      {{! text input for non-JS experience }}\n      <noscript>\n        <input\n          class=\"form-input\"\n          id=\"input-{{id}}\"\n          name=\"{{name}}\"\n          type=\"text\"\n          value=\"{{value}}\"\n          {{#if required}}required{{/if}}\n          aria-required=\"{{required}}\">\n      </noscript>\n\n      {{! TODO: hide this for non-JS users? Otherwise two inputs show }}\n      <div class=\"form-select-wrapper\">\n        <select\n          class=\"form-input form-select\"\n          id=\"select-{{id}}\"\n          name=\"{{name}}\"\n          {{#if required}}required{{/if}}\n          aria-required=\"{{required}}\"\n          data-label=\"{{label}}\"\n          {{#if private_id}}data-field-type=\"{{private_id}}\"{{/if}}>\n          {{#if options}}\n            <option disabled>{{chooseprefix}}</option>\n            {{#each options}}\n              <option {{#if selected}} selected {{/if}}value=\"{{value}}\">{{label}}</option>\n            {{/each}}\n          {{/if}}\n        </select>\n      </div>\n    </span>\n  </label>\n</div>\n","core/forms/common/text":"\n<div class=\"form-field form-field-common form-field-text {{#if required}} form-required{{/if}}\" id=\"{{id}}\">\n  <label class=\"form-label\">\n    <span class=\"form-field-title\">\n      {{label}}\n      {{#if required}}<span class=\"required-text\">{{lang 'common.required'}}</span>{{/if}}\n    </span>\n    <span class=\"form-field-control\">\n      <input class=\"form-input\"\n        id=\"input-{{id}}\"\n        name=\"{{name}}\"\n        type=\"text\"\n        placeholder=\"{{prefill}}\"\n        {{#if value}}value=\"{{value}}\"{{/if}}\n        {{#if private_id}}data-field-type=\"{{private_id}}\"{{/if}}\n        {{#if required}}required{{/if}}\n        aria-required=\"{{required}}\">\n    </span>\n  </label>\n</div>\n","core/account/_private/layout-heading":"<div class=\"account-header\">\n  <h1 class=\"account-heading\">{{#block 'account-heading'}}{{/block}}</h1>\n\n  <div class=\"account-toolbar\">{{#block 'account-toolbar'}}{{/block}}</div>\n</div>\n","core/account/_private/navigation":"<nav class=\"account-nav\">\n  <ul class=\"account-nav-list\">\n    <li class=\"account-nav-item{{#if nav_page '===' 'orders'}} is-active{{/if}}\">\n      <a class=\"account-nav-link\" href=\"{{urls.account.orders.all}}\">{{lang 'core.account.menu.orders'}}</a>\n    </li>\n\n    {{#if settings.returns_enabled}}\n      <li class=\"account-nav-item{{#if nav_page '===' 'returns'}} is-active{{/if}}\">\n        <a class=\"account-nav-link\" href=\"{{urls.account.returns}}\">{{lang 'core.account.menu.returns'}}</a>\n      </li>\n    {{/if}}\n\n    <li class=\"account-nav-item{{#if nav_page '===' 'messages'}} is-active{{/if}}\">\n      <a class=\"account-nav-link\" href=\"{{urls.account.inbox}}\">{{lang 'core.account.menu.messages'}}\n        {{#if customer.num_new_messages}}\n          <span class=\"account-nav-badge\">{{customer.num_new_messages}}</span>\n        {{/if}}\n      </a>\n    </li>\n\n    <li class=\"account-nav-item{{#if nav_page '===' 'addresses'}} is-active{{/if}}\">\n      <a class=\"account-nav-link\" href=\"{{urls.account.addresses}}\">{{lang 'core.account.menu.addresses'}}</a>\n    </li>\n\n    {{#if settings.show_wishlist}}\n      <li class=\"account-nav-item{{#if nav_page '===' 'wishlists'}} is-active{{/if}}\">\n        <a class=\"account-nav-link\" href=\"{{urls.account.wishlists.all}}\">{{lang 'core.account.menu.wishlists'}}</a>\n      </li>\n    {{/if}}\n\n    <li class=\"account-nav-item{{#if nav_page '===' 'recent_items'}} is-active{{/if}}\">\n      <a class=\"account-nav-link\" href=\"{{urls.account.recent_items}}\">{{lang 'core.account.menu.recently_viewed'}}</a>\n    </li>\n\n    <li class=\"account-nav-item{{#if nav_page '===' 'settings'}} is-active{{/if}}\">\n      <a class=\"account-nav-link\" href=\"{{urls.account.details}}\">{{lang 'core.account.menu.settings'}}</a>\n    </li>\n  </ul>\n\n  {{#if customer.store_credit.value '>' 0}}\n    {{> core/alerts/alert-success (lang 'core.account.common.store_credit' store_credit=customer.store_credit.formatted)}}\n  {{/if}}\n</nav>\n","core/alerts/alert-success":"<div class=\"alert alert-success\">\n  {{#if dismissable}}<a class=\"alert-dismiss\">&times;</a>{{/if}}\n\n  <div class=\"alert-message\">\n    {{#if message}}\n      {{{message}}}\n    {{else}}\n      {{{this}}}\n    {{/if}}\n  </div>\n</div>\n"}
