{"core/amp/pages/product":"{{#partial \"amp-style\"}}\n  {{> core/amp/products/styles\n    header_background=../header_background\n    header_text=../header_text\n    body_background=../body_background\n    color_headings=../color_headings\n    color_text=../color_text\n    footer_background=../footer_background\n    footer_text=../footer_text\n    color_accent=../color_accent\n    color_borders=../color_borders\n  }}\n{{/partial}}\n\n{{#partial \"amp-scripts\"}}\n  {{#any product.images product.videos}}\n    <script async custom-element=\"amp-carousel\" src=\"https://cdn.ampproject.org/v0/amp-carousel-0.1.js\"></script>\n  {{/any}}\n  {{#if product.options}}\n    <script async custom-element=\"amp-iframe\" src=\"https://cdn.ampproject.org/v0/amp-iframe-0.1.js\"></script>\n  {{/if}}\n  {{#if product.videos}}\n    <script async custom-element=\"amp-youtube\" src=\"https://cdn.ampproject.org/v0/amp-youtube-0.1.js\"></script>\n  {{/if}}\n  {{#if settings.add_this.buttons}}\n    <script async custom-element=\"amp-social-share\" src=\"https://cdn.ampproject.org/v0/amp-social-share-0.1.js\"></script>\n  {{/if}}\n{{/partial}}\n\n\n{{#partial \"page\"}}\n  {{> core/amp/common/header}}\n  <div itemscope itemtype=\"http://schema.org/Product\">\n    {{> core/amp/products/product-view schema=true}}\n  </div>\n\n  {{#block \"amp-footer\"}} {{/block}}\n\n  {{#if settings.amp_analytics_id}}\n    <amp-analytics type=\"googleanalytics\">\n      <script type=\"application/json\">\n      {\n        \"vars\": {\n          \"account\": \"{{settings.amp_analytics_id}}\"\n        },\n        \"extraUrlParams\": {\n          \"cd1\": \"{{page_type}}\",\n          \"cd2\": \"{{category.id}}\",\n          \"cd3\": \"{{category.url}}\",\n          \"cd4\": \"{{category.name}}\"\n        },\n        \"triggers\": {\n          \"trackPageview\": {\n            \"on\": \"visible\",\n            \"request\": \"pageview\"\n          },\n          \"trackClickOnProductCard\" : {\n            \"on\": \"click\",\n            \"selector\": \".amp-grid-item-link, .amp-grid-item-name a\",\n            \"request\": \"event\",\n            \"vars\": {\n              \"eventCategory\": \"Category\",\n              \"eventAction\": \"Product Card\"\n            },\n            \"extraUrlParams\": {\n              \"cd6\": \"${productLink}\",\n              \"cd7\": \"${productId}\",\n              \"cd8\": \"${productName}\"\n            }\n          }\n        }\n      }\n      </script>\n    </amp-analytics>\n  {{/if}}\n\n{{/partial}}\n","core/amp/products/styles":"<style amp-custom>\n  {{> core/amp/css/base\n    header_background=header_background\n    header_text=header_text\n    body_background=body_background\n    color_headings=color_headings\n    color_text=color_text\n    footer_background=footer_background\n    footer_text=footer_text\n    color_accent=color_accent\n    color_borders=color_borders\n  }}\n  {{> core/amp/css/header\n    header_background=header_background\n    header_text=header_text\n    body_background=body_background\n    color_headings=color_headings\n    color_text=color_text\n    footer_background=footer_background\n    footer_text=footer_text\n    color_accent=color_accent\n    color_borders=color_borders\n  }}\n  {{> core/amp/css/footer\n    header_background=header_background\n    header_text=header_text\n    body_background=body_background\n    color_headings=color_headings\n    color_text=color_text\n    footer_background=footer_background\n    footer_text=footer_text\n    color_accent=color_accent\n    color_borders=color_borders\n  }}\n  {{> core/amp/css/product\n    color_headings=color_headings\n    color_text=color_text\n    color_accent=color_accent\n    color_borders=color_borders\n  }}\n</style>\n","core/amp/common/header":"{{#if banners.top}}\n  <div class=\"banners\" data-banner-location=\"top\">\n    <div class=\"banner\">\n      {{{limit banners.top 1}}}\n    </div>\n  </div>\n{{/if}}\n\n<header class=\"amp-header\">\n  <button class=\"amp-header-button\" on=\"tap:amp-menu.toggle\">\n    <div class=\"burger burger-top\"></div>\n    <div class=\"burger burger-middle\"></div>\n    <div class=\"burger burger-bottom\"></div>\n    <span class=\"sr-only\">{{lang 'core.amp.header.menu_open'}}</span>\n  </button>\n\n  <div class=\"amp-header-logo\">\n    {{> core/amp/common/logo}}\n  </div>\n\n  {{#block 'amp-cart-icon'}}{{/block}}\n</header>\n<amp-sidebar layout=\"nodisplay\" id=\"amp-menu\" data-menu>\n  {{> core/amp/common/navigation}}\n</amp-sidebar>\n","core/amp/products/product-view":"{{> core/amp/products/product-images}}\n\n<div class=\"amp-product-details-container\">\n  {{> core/amp/products/product-details schema=schema}}\n  {{> core/amp/products/product-form}}\n  {{> core/amp/products/product-accordion}}\n</div>\n","core/amp/css/base":"*,\n*:after,\n*:before {\n  box-sizing: border-box;\n}\n\nhtml {\n  font-size: 16px;\n}\n\nhtml,\nbody {\n  height: auto;\n}\n\nbody {\n  font-size: 1rem;\n  font-family: -apple-system, BlinkMacSystemFont, \"Segoe UI\", Roboto, Helvetica, Arial, sans-serif;\n  font-weight: 400;\n  line-height: 1.6;\n  color: {{color_text}};\n  background: {{body_background}};\n  padding-top: 55px;\n  -webkit-font-smoothing: antialiased;\n  -moz-osx-font-smoothing: grayscale;\n}\n\nul {\n  margin: 0;\n  padding: 0;\n}\n\nli {\n  padding: 0;\n  margin: 0;\n}\n\na {\n  color: {{color_accent}};\n  line-height: inherit;\n  text-decoration: none;\n}\n\na:hover,\na:focus {\n  opacity: 0.7;\n}\n\n*:focus {\n  outline: 0;\n}\n\np {\n  margin-bottom: 1.5rem;\n}\n\nh1,\nh2,\nh3,\nh4,\nh5,\nh6 {\n  color: {{color_headings}};\n  font-family: -apple-system, BlinkMacSystemFont, \"Segoe UI\", Roboto, Helvetica, Arial, sans-serif;\n  letter-spacing: .25px;\n  margin-bottom: .78571rem;\n  margin-top: 2.28571rem;\n}\n\nh1 {\n  font-size: 28px;\n}\n\nh2 {\n  font-size: 25px\n}\n\nh3 {\n  font-size: 22px;\n}\n\nh4 {\n  font-size: 20px;\n}\n\nh5 {\n  font-size: 15px;\n}\n\nh6 {\n  font-size: 13px;\n  text-transform: uppercase;\n}\n\nhr {\n  border: solid {{color_borders}};\n  border-width: 1px 0 0;\n  clear: both;\n  height: 0;\n  margin: 2rem 0 1.92857rem;\n}\n\nul,\nol,\ndl {\n  list-style-position: outside;\n  margin-bottom: 1.5rem;\n}\n\nul ul,\nul ol,\nol ul,\nol ol {\n  margin-left: 1.2rem;\n  margin-bottom: 0;\n}\n\nul {\n  margin-left: 1.15rem;\n}\n\nol {\n  margin-left: 1.15rem;\n}\n\ndl dt {\n  font-weight: 700;\n  margin-bottom: .35714rem;\n}\n\ndl dd {\n  margin-bottom: 1.5rem;\n}\n\nabbr,\nacronym {\n  border-bottom: 1px dotted {{color_borders}};\n  color: {{color_text}};\n  cursor: help;\n  font-size: 90%;\n  text-transform: uppercase;\n}\n\nabbr {\n  text-transform: none;\n}\n\nblockquote,\nblockquote p {\n  font-size: 22px;\n  line-height: 29px;\n}\n\ncite {\n  color: {{color_accent}};\n  display: block;\n  font-size: 1rem;\n  line-height: 1.5;\n}\n\n.body {\n  margin-bottom: 6rem;\n  margin-top: 1.5rem;\n}\n\n.container {\n  margin-left: auto;\n  margin-right: auto;\n  max-width: 91.71429rem;\n  padding: 0 1.5rem;\n  position: relative;\n}\n\n.sr-only {\n  position: absolute;\n  width: 1px;\n  height: 1px;\n  padding: 0;\n  margin: -1px;\n  overflow: hidden;\n  clip: rect(0,0,0,0);\n  border: 0;\n}\n","core/amp/css/header":".amp-header {\n  position: fixed;\n  top: 0;\n  z-index: 20;\n  display: flex;\n  align-items: center;\n  justify-content: space-between;\n  width: 100%;\n  height: 55px;\n  color: {{header_text}};\n  background-color: {{header_background}};\n  border-bottom: 1px solid {{color_borders}};\n}\n\n.amp-header a {\n  color: {{header_text}};\n}\n\n.amp-mini-cart,\n.amp-header-button {\n  z-index: 10;\n}\n\n.amp-mini-cart {\n  margin-right: 15px;\n}\n\n.amp-header-button {\n  position: relative;\n  display: flex;\n  align-self: center;\n  justify-content: center;\n  flex-shrink: 0;\n  width: 18px;\n  height: 12px;\n  margin-left: 15px;\n  cursor: pointer;\n  background-color: transparent;\n  border: 0;\n}\n\n.amp-header-close {\n  position: absolute;\n  right: 0;\n  padding: 10px;\n  margin-left: 0;\n}\n\n.close,\n.burger {\n  position: absolute;\n  display: block;\n  width: 100%;\n  height: 1px;\n  margin-top: -1px;\n}\n\n.burger {\n  background-color: {{header_text}};\n}\n\n.burger-top {\n  top: 0;\n}\n\n.burger-bottom {\n  top: 100%;\n}\n\n.burger-middle {\n  top: 50%;\n}\n\n.close {\n  background-color: {{color_text}};\n}\n\n.close-left {\n  top: 50%;\n  transform: rotate(-45deg);\n}\n\n.close-right {\n  top: 50%;\n  transform: rotate(45deg);\n}\n\n.arrow-down {\n  position: absolute;\n  display: inline-flex;\n  align-items: center;\n  justify-content: center;\n  right: 0px;\n\ttransform: rotate(90deg);\n  padding: 4px 8px 8px;\n}\n\n.amp-header-link {\n  display: inline-block;\n  text-decoration: none;\n}\n\n.amp-header-logo {\n  position: absolute;\n  width: 100%;\n  text-align: center;\n}\n\n.amp-header-logo-container {\n  position: relative;\n  width: 150px;\n  height: 50px;\n}\n\namp-img.amp-header-logo-image img {\n  object-fit: contain;\n}\n\n.amp-empty-space {\n  width: 3.92857rem;\n}\n\n.amp-header-logo-text {\n  display: block;\n  font-family: \"Oswald\", Arial, Helvetica, sans-serif;\n  font-size: 20px;\n  font-weight: 300;\n  letter-spacing: .35714rem;\n  margin-left: auto;\n  margin-right: auto;\n  overflow: hidden;\n  padding: .21429rem 0;\n  text-overflow: ellipsis;\n  text-transform: uppercase;\n  white-space: nowrap;\n}\n\n.banners {\n  background-color: {{header_background}};\n  color: {{header_text}};\n  padding: .78571rem 0;\n  text-align: center;\n}\n\n.banners p:last-child {\n  margin-bottom: 0;\n}\n\n.banners a {\n  color: {{header_text}};\n}\n\n.banner {\n  margin: 0 auto;\n  max-width: 85.71429rem;\n  width: 100%;\n}\n\n.banner:before,\n.banner:after {\n  content: \" \";\n  display: table;\n}\n\n.banner:after {\n  clear: both;\n}\n\n.banner + .banner {\n  margin-top: 1.5rem;\n}\n\n.form-fieldset {\n  border-width: 0;\n  margin: 0;\n  padding: 0;\n}\n\n.amp-navigation-header {\n  display: block;\n  position: relative;\n  margin-bottom: 1rem;\n}\n\n.amp-navigation {\n  height: 100%;\n  min-width: 200px;\n  padding: 1rem;\n  background-color: {{body_background}};\n  overflow-y: auto;\n}\n\n.amp-navigation-list {\n  margin: 0;\n  padding: 0;\n  list-style: none;\n}\n\n.amp-page-navigation-list {\n  margin-top: 1rem;\n}\n\n.amp-navigation-list + .amp-navigation-list {\n  border-top: 1px solid {{color_borders}};\n  padding-top: 1rem;\n}\n\n.amp-navigation-list + .amp-navigation-utilities {\n  padding-top: 1.25rem;\n  margin-top: 1rem;\n}\n\n.amp-navigation-link {\n  display: block;\n  font-size: 15px;\n  font-weight: 500;\n  color: {{color_text}};\n  padding: .78571rem 0;\n  text-decoration: none;\n}\n\n.amp-navigation-tier-item.has-children > .amp-navigation-link {\n  color: {{color_text}};\n}\n\n.amp-navigation-link[aria-expanded=\"true\"] .arrow-down {\n  transform: rotate(-90deg);\n}\n\n.amp-category-navigation-list .amp-navigation-item > .amp-navigation-link {\n  color: {{color_text}};\n}\n\n.amp-currency-header,\n.amp-navigation-link.is-active {\n  color: {{color_text}};\n}\n\n.amp-navigation-link.is-active {\n  color: {{color_text}};\n  font-weight: 700;\n}\n\n.amp-currency-header,\n.parent-link {\n  background: transparent;\n  border: 0;\n}\n\n.amp-currency-dropdown {\n  border: 1px solid {{ color_borders }};\n  border-radius: 3px;\n  padding-left: 12px;\n  padding-right: 8px;\n  margin-bottom: 4px;\n}\n\n.amp-currency-header {\n  padding: 0.6rem 0;\n}\n\n.amp-currency-header .arrow-down {\n  right: 0;\n}\n\n.amp-navigation-currency-list {\n  margin-left: -12px;\n  margin-right: -8px;\n}\n\n.amp-navigation-currency-item a {\n  display: block;\n  padding: 8px 12px;\n\n  display: block}\n\n.amp-navigation-tier-item {\n  background: #fff;\n}\n\n.amp-navigation-list-tier {\n  position: relative;\n}\n\n.amp-navigation-list-tier .amp-navigation-tier-item {\n  padding-left: 0.75rem;\n}\n\n.amp-navigation-tier-item.has-children .amp-navigation-tier-item {\n  color: {{color_text}};\n  font-weight: 500;\n}\n\n.amp-navigation-list-tier .amp-navigation-link.is-active {\n  border-top: 0;\n  font-weight: 700;\n}\n\n.amp-active-currency {\n  color: {{color_text}};\n  font-weight: 700;\n}\n\n.amp-navigation-currency-list {\n  list-style: none;\n}\n\n.amp-navigation-currency-item a {\n  color: {{color_text}};\n}\n\n.amp-store-credit {\n  text-transform: none;\n  padding: 1.25rem 0;\n  margin-top: 0.5rem;\n  border-top: 1px solid {{color_borders}};\n}\n\n.amp-store-credit:hover {\n  opacity: 1;\n}\n\n.amp-account-link {\n  display: inline-block;\n}\n\n{{#block 'amp-custom-header-styles'}}{{/block}}\n","core/amp/css/footer":".amp-footer {\n  display: flex;\n  flex-wrap: wrap;\n  justify-content: space-between;\n  padding: 0.5rem 1.5rem 2.5rem;\n  color: {{footer_text}};\n  background: {{footer_background}};\n}\n\n.amp-footer a {\n  color: {{footer_text}};\n}\n\n.amp-footer-section {\n  width: 50%;\n}\n\n.amp-footer-heading {\n  margin-top: 1.5rem;\n  font-size: 16px;\n  color: {{footer_text}};\n}\n\n.amp-footer-list {\n  margin: 0;\n  padding: 0;\n  list-style: none;\n}\n\n.amp-footer-list li {\n  padding: .25rem 0;\n}\n\n.amp-footer-credits {\n  width: 100%;\n  margin-top: 1.5rem;\n  text-align: center;\n}\n\n.amp-footer-credits p {\n  margin: 0;\n}\n\n{{#block 'amp-custom-footer-styles'}}{{/block}}\n","core/amp/css/product":".amp-product-images {\n  margin-top: 30px;\n}\n\n.amp-product-images.amp-no-product-images {\n  display: inline-block;\n  position: relative;\n  width: 100%;\n  height: 300px;\n}\n\n.amp-no-image {\n  width: 100%;\n  height: 300px;\n}\n\n.amp-product-details-container {\n  margin: 0 1.5rem 3rem;\n}\n\n.amp-product-details {\n  margin-top: 20px;\n}\n\n.amp-product-brand {\n  color: inherit;\n}\n\n.amp-product-title {\n  font-size: 24px;\n  margin-top: 0;\n  margin-bottom: 0;\n}\n\n.amp-price {\n  color: {{color_text}};\n  opacity: 0.5;\n}\n\n.amp-additional-info {\n  margin-top: 20px;\n  margin-bottom: 20px;\n}\n\n.button {\n  padding: 0;\n  font-family: inherit;\n  background: transparent;\n  border: 0;\n}\n\n.amp-button-primary {\n  position: relative;\n  display: inline-block;\n  height: 48px;\n  width: 100%;\n  padding-right: 1.5em;\n  padding-left: 1.5em;\n  margin-top: 30px;\n  overflow: hidden;\n  font-size: 16px;\n  font-wieght: 700;\n  color: #fff;\n  line-height: 48px;\n  text-align: center;\n  transition: all 0.2s ease-out;\n  border-radius: 3px;\n  background: {{color_accent}};\n}\n\n.amp-product-accordion {\n  margin-top: 30px;\n  border-bottom: 1px solid {{color_border}};\n}\n\n.amp-product-accordion-title {\n  position: relative;\n  font-size: 16px;\n  font-wieght: 700;\n  color: {{color_headings}};\n  padding-top: 20px;\n  padding-bottom: 20px;\n  border-top: 1px solid {{color_border}};\n  border-right: 0;\n  border-bottom: 0;\n  border-left: 0;\n  background: transparent;\n}\n\n.amp-product-accordion-title-toggle {\n  position: absolute;\n  top: 25px;\n  right: 15px;\n  width: 13px;\n  height: 13px;\n}\n\n.amp-product-accordion-title-toggle::before,\n.amp-product-accordion-title-toggle::after {\n  position: absolute;\n  display: block;\n  background: {{color_text}};\n  content: \"\";\n}\n\n.amp-product-accordion-title-toggle::before {\n  top: 0;\n  left: 5px;\n  width: 3px;\n  height: 13px;\n  transition: all 0.1s ease;\n}\n\n.amp-product-accordion-title[aria-expanded=\"true\"] .amp-product-accordion-title-toggle::before {\n  display: none;\n}\n\n.amp-product-accordion-title-toggle::after {\n  top: 5px;\n  left: 0;\n  width: 13px;\n  height: 3px;\n}\n\n.amp-product-accordion-content p {\n  margin-top: 0;\n  color: {{color_text}};\n}\n\n.amp-product-video-title {\n  margin-top: 15px;\n  margin-bottom: 5px;\n  font-size: 16px;\n  color: {{color_text}};\n}\n\n.amp-product-review-list {\n  margin: 0;\n  list-style: none;\n}\n\n.amp-rating-stars {\n  color: {{color_accent}};\n}\n\n.amp-product-review-title {\n  margin-top: 5px;\n  font-size: 16px;\n  color: {{color_headings}};\n}\n\n.amp-product-review-author {\n  font-size: 12px;\n  text-transform: uppercase;\n}\n\n.social-links {\n  display: flex;\n  flex-wrap: wrap;\n  align-items: flex-start;\n  margin: 0 0 1.5rem;\n}\n\n.social-links-item {\n  margin: 0;\n  padding: 0;\n  display: inline-block;\n  font-size: 0;\n  margin-bottom: .35714rem;\n  margin-right: .78571rem\n}\n\n.social-links-item:last-child {\n  margin-right: 0\n}\n\n{{#block 'amp-custom-product-styles'}}{{/block}}\n","core/amp/common/logo":"<a href=\"{{urls.home}}\" class=\"amp-header-link\">\n  {{#if settings.store_logo.image}}\n    <div class=\"amp-header-logo-container\">\n      <amp-img\n        class=\"amp-header-logo-image\"\n        src=\"{{getImage settings.store_logo.image 'thumb'}}\"\n        layout=\"fill\"\n        alt=\"{{settings.store_logo.title}}\"\n      >\n      </amp-img>\n    </div>\n  {{else}}\n    <span class=\"amp-header-logo-text\">\n      {{settings.store_logo.title}}\n    </span>\n  {{/if}}\n</a>\n","core/amp/common/navigation":"<nav class=\"amp-navigation\">\n  <div class=\"amp-navigation-header\">\n    <button class=\"amp-header-button amp-header-close\" on=\"tap:amp-menu.close\">\n      <div class=\"close close-left\"></div>\n      <div class=\"close close-right\"></div>\n      <span class=\"sr-only\">{{lang 'core.amp.header.menu_close'}}</span>\n    </button>\n  </div>\n  <ul class=\"amp-navigation-list amp-category-navigation-list\">\n    {{#each categories}}\n      <li class=\"amp-navigation-item\">\n        {{> core/amp/common/navigation-loop\n          show_all=true\n        }}\n      </li>\n    {{/each}}\n  </ul>\n  <ul class=\"amp-navigation-list amp-page-navigation-list\">\n    {{#each pages}}\n      <li class=\"amp-navigation-item\">\n        {{> core/amp/common/navigation-loop\n          show_all=false\n        }}\n      </li>\n    {{/each}}\n    {{#if settings.gift_certificates_enabled}}\n      <li class=\"amp-navigation-item\">\n        <a class=\"amp-navigation-link\" href=\"{{urls.gift_certificate.purchase}}\">\n          {{lang 'core.amp.header.gift_certificate'}}\n        </a>\n      </li>\n    {{/if}}\n  </ul>\n  <ul class=\"amp-navigation-list amp-navigation-utilities\">\n    {{#if currency_selector.currencies.length '>' 1}}\n      <amp-accordion class=\"amp-currency-dropdown\" disable-session-states>\n        <section>\n          <h5\n            class=\"amp-navigation-link has-sub-menu amp-currency-header\"\n          >\n            {{lang 'core.amp.header.currency' code=currency_selector.active_currency_code}}\n            <span class=\"arrow-down\">\n              <svg width=\"9\" height=\"14\" viewBox=\"0 0 7 12\" xmlns=\"http://www.w3.org/2000/svg\" role=\"presentation\">\n                <path d=\"M.34 10.66l.71.703L6.364 6.01 1.05.66l-.71.703L4.955 6.01\" fill=\"currentColor\"/>\n              </svg>\n            </span>\n          </h5>\n          <ul class=\"amp-navigation-currency-list\">\n            {{#each currency_selector.currencies}}\n              <li class=\"amp-navigation-currency-item\">\n                <a\n                  class=\"amp-navigation-currency-switch\"\n                  href=\"{{{switch_url}}}\"\n                >\n                  <span {{#if is_active}}class=\"amp-active-currency\"{{/if}}>\n                    {{name}}\n                  </span>\n                </a>\n              </li>\n            {{/each}}\n          </ul>\n        </section>\n      </amp-accordion>\n    {{/if}}\n    {{#if settings.account_creation_enabled}}\n      {{#if customer}}\n        <li class=\"amp-navigation-item\">\n          <a\n            class=\"amp-navigation-link has-sub-menu\"\n            href=\"{{urls.account.index}}\"\n            data-collapsible=\"amp-navigation-account\"\n          >\n            {{lang 'core.amp.header.account'}}\n          </a>\n        </li>\n        <li class=\"amp-navigation-item\">\n          <a class=\"amp-navigation-link\" href=\"{{urls.auth.logout}}\">\n            {{lang 'core.amp.header.logout'}}\n          </a>\n        </li>\n        {{#if customer.store_credit.value '>' 0}}\n          <li class=\"amp-navigation-item\">\n            <a class=\"amp-navigation-link amp-store-credit\">\n              {{lang 'core.amp.header.store_credit' store_credit=customer.store_credit.formatted}}\n            </a>\n          </li>\n        {{/if}}\n      {{else}}\n        <li class=\"amp-navigation-item\">\n          <a class=\"amp-navigation-link\" href=\"{{urls.auth.login}}\">\n            {{lang 'core.amp.header.account'}}\n          </a>\n        </li>\n      {{/if}}\n    {{/if}}\n  </ul>\n</nav>\n","core/amp/products/product-images":"<section\n  class=\"\n    amp-product-images\n    {{#unless product.images}}\n      amp-no-product-images\n    {{/unless}}\n  \"\n  data-image-gallery\n>\n  {{#if product.images}}\n   {{#if product.images.length}}\n     <amp-carousel\n       width=\"250\"\n       height=\"250\"\n       layout=\"responsive\"\n       autoplay\n       loop\n       delay=\"5000\"\n       type=\"slides\"\n     >\n       {{#each product.images}}\n         <amp-img\n           class=\"amp-product-image\"\n           src=\"{{getImage this 'amp-product-image'}}\"\n           layout=\"fill\"\n           alt=\"{{this.alt}}\"\n         >\n         </amp-img>\n       {{/each}}\n     </amp-carousel>\n    {{/if}}\n  {{else}}\n    <amp-img\n      class=\"amp-product-image amp-no-image\"\n      src=\"{{cdn theme_settings.default_image}}\"\n      layout=\"fill\"\n      alt=\"{{lang 'common.no_image'}}\"\n    >\n    </amp-img>\n  {{/if}}\n</section>\n","core/amp/products/product-details":"<section class=\"amp-product-details\">\n  {{#if product.price.saved}}\n    <div class=\"product-badge product-badge-sale\">\n      {{lang 'core.product.sale'}}\n    </div>\n  {{/if}}\n  <div class=\"amp-product-details-header\">\n    {{#if settings.show_product_rating}}\n      {{> core/amp/common/ratings rating=product.rating}}\n    {{/if}}\n\n    {{#if product.brand}}\n      <a\n        class=\"amp-product-brand\"\n        href=\"{{product.brand.url}}\"\n        {{#if schema}}\n          itemprop=\"brand\"\n          itemscope\n          itemtype=\"http://schema.org/Brand\"\n        {{/if}}\n      >\n        {{product.brand.name}}\n      </a>\n    {{/if}}\n\n    <h1 class=\"amp-product-title\" {{#if schema}}itemprop=\"name\"{{/if}}>\n      {{product.title}}\n    </h1>\n\n    <div class=\"amp-price\">\n      {{> core/amp/common/price\n        price=product.price\n        as_low_as=false\n        schema=schema\n      }}\n    </div>\n\n    {{#if product.call_for_price}}\n      <p class=\"amp-product-call-for-price\">{{product.call_for_price}}</p>\n    {{/if}}\n  </div>\n\n  <div class=\"amp-additional-info\">\n    {{#block 'amp-additional-info'}}{{/block}}\n  </div>\n</section>\n","core/amp/products/product-form":"<div class=\"amp-product-actions\">\n  {{#if product.options}}\n    <amp-iframe\n      height=\"500\"\n      width=\"250\"\n      layout=\"responsive\"\n      sandbox=\"allow-forms allow-pointer-lock allow-popups allow-same-origin allow-scripts allow-top-navigation allow-modals\"\n      resizable\n      src=\"{{product.amp_options_url}}\"\n    >\n      <div class=\"button amp-button-primary\" overflow tabindex=\"0\" role=\"button\">\n        {{lang 'core.amp.product.choose_options'}}\n      </div>\n    </amp-iframe>\n  {{else}}\n    <a\n      class=\"button amp-button-primary\"\n      href=\"{{product.cart_url}}\"\n    >\n      {{#if product.pre_order}}\n        <span class=\"button-text\">\n          {{lang 'core.amp.product.pre_order'}}\n        </span>\n      {{else}}\n        <span class=\"button-text\">\n          {{lang 'core.amp.product.atc'}}\n        </span>\n      {{/if}}\n    </a>\n  {{/if}}\n</div>\n","core/amp/products/product-accordion":"<amp-accordion class=\"amp-product-accordion\" disable-session-states>\n  {{#if product.description}}\n    <section class=\"amp-product-accordion-section\" expanded>\n      <h2 class=\"amp-product-accordion-title\">\n        {{lang 'core.amp.product.description'}}\n        <span class=\"amp-product-accordion-title-toggle\"></span>\n      </h2>\n      <div class=\"amp-product-accordion-content\">\n        {{{product.description}}}\n      </div>\n    </section>\n  {{/if}}\n  {{#if product.videos.list.length}}\n    <section class=\"amp-product-accordion-section\" data-video-gallery>\n      <h2 class=\"amp-product-accordion-title\">\n        {{lang 'core.amp.product.videos'}}\n        <span class=\"amp-product-accordion-title-toggle\"></span>\n      </h2>\n      <div class=\"amp-product-accordion-content\">\n        {{> core/amp/products/videos\n          product.videos\n        }}\n      </div>\n    </section>\n  {{/if}}\n  {{#if settings.show_product_reviews}}\n    {{#if product.reviews.total}}\n      <section class=\"amp-product-accordion-section\" >\n        <h2 class=\"amp-product-accordion-title\">\n          {{lang 'core.amp.product.reviews' num=product.reviews.total}}\n          <span class=\"amp-product-accordion-title-toggle\"></span>\n        </h2>\n        <div class=\"amp-product-accordion-content\">\n          {{> core/amp/products/reviews\n            reviews=product.reviews\n            product=product\n            urls=urls\n          }}\n        </div>\n      </section>\n    {{/if}}\n  {{/if}}\n  {{#if settings.add_this.buttons}}\n    <section class=\"amp-product-accordion-section\">\n      <h2 class=\"amp-product-accordion-title\">\n        {{lang 'core.amp.product.share'}}\n        <span class=\"amp-product-accordion-title-toggle\"></span>\n      </h2>\n      <div class=\"amp-product-accordion-content\">\n        {{> core/amp/common/share}}\n      </div>\n    </section>\n  {{/if}}\n</amp-accordion>\n","core/amp/common/navigation-loop":"{{#if children}}\n  <amp-accordion disable-session-states>\n    <section>\n      <h3 class=\"amp-navigation-link parent-link {{#if is_active}}is-active{{/if}}\">\n        {{name}}\n        <span class=\"arrow-down\">\n          <svg width=\"9\" height=\"14\" viewBox=\"0 0 7 12\" xmlns=\"http://www.w3.org/2000/svg\" role=\"presentation\">\n            <path d=\"M.34 10.66l.71.703L6.364 6.01 1.05.66l-.71.703L4.955 6.01\" fill=\"currentColor\"/>\n          </svg>\n        </span>\n      </h3>\n      <ul class=\"amp-navigation-list amp-navigation-list-tier\">\n        <li class=\"amp-navigation-tier-item\">\n          <a class=\"amp-navigation-link {{#if is_active}}is-active{{/if}}\" href=\"{{url}}\">\n            {{#if show_all}}\n              {{lang 'core.amp.header.all'}} {{name}}\n            {{else}}\n              {{name}}\n            {{/if}}\n          </a>\n        <li>\n        {{#each children}}\n          <li class=\"amp-navigation-tier-item {{#if children}}has-children{{/if}}\">\n            {{> core/amp/common/navigation-loop\n              show_all=../show_all\n            }}\n          </li>\n        {{/each}}\n      </ul>\n    </section>\n  </amp-accordion>\n{{else}}\n  <a class=\"amp-navigation-link {{#if is_active}}is-active{{/if}}\" href=\"{{url}}\">\n    {{name}}\n  </a>\n{{/if}}\n","core/amp/common/ratings":"{{!--\n  Display rating as series of stars\n\n  @param rating\n    The Rating value to display.\n--}}\n\n<div\n  class=\"rating-stars amp-rating-stars\"\n  aria-label=\"{{lang 'product.reviews.rating_stars' rating=rating}}\"\n>\n  {{#for 1 5}}\n    {{#if ../rating '>=' $index}}\n      <svg\n        class=\"icon-star-full\"\n        width=\"15\"\n        height=\"14\"\n        viewBox=\"0 0 15 14\"\n        xmlns=\"http://www.w3.org/2000/svg\"\n        role=\"presentation\"\n      >\n        <path d=\"M7.083 11.374l4.38 2.302-.837-4.876 3.543-3.454-4.898-.71L7.082.197l-2.19 4.437-4.895.71L3.54 8.8l-.837 4.876\" fill-rule=\"nonzero\" fill=\"currentColor\"/>\n      </svg>\n    {{else}}\n      <svg\n        width=\"15\"\n        height=\"14\"\n        viewBox=\"0 0 15 14\"\n        xmlns=\"http://www.w3.org/2000/svg\"\n        role=\"presentation\"\n      >\n        <path d=\"M7.083 10.12l3.14 1.65-.6-3.497 2.542-2.477-3.512-.51-1.57-3.183-1.57 3.183L2 5.796l2.542 2.477-.6 3.497 3.14-1.65zm0 1.05l-4.378 2.302.836-4.874L0 5.146l4.894-.71L7.084 0 9.27 4.435l4.895.71-3.54 3.453.835 4.874-4.377-2.3z\" fill-rule=\"nonzero\" fill=\"currentColor\"/>\n      </svg>\n    {{/if}}\n  {{/for}}\n</div>\n","core/amp/common/price":"{{!\n  Product Price - Sale vs Normal, With Tax vs Without\n\n  @param this price object\n\n  @param show_savings bool (optional)\n         If true, show a label saying how much is saved from the full price.\n}}\n\n{{#if price}}\n  {{#or has_options product.options.length}}\n    <span\n      class=\"price {{> core/amp/common/price-class}}\"\n      {{#if schema}}\n        itemprop=\"offers\"\n        itemscope\n        itemtype=\"http://schema.org/Offer\"\n      {{/if}}\n    >\n      {{#if price.with_tax}}\n        <span class=\"price-withtax\" data-price=\"with-tax\">\n          {{#if page_type '!==' 'product'}}\n            {{#if as_low_as}}\n              <span class=\"as-low-as-pricing\">{{lang 'core.price.as_low_as'}}</span>\n            {{/if}}\n          {{/if}}\n          {{#if price.rrp_with_tax}}\n            <span class=\"price-rrp\" data-price-rrp=\"with-tax\">{{price.rrp_with_tax.formatted}}</span>\n          {{/if}}\n          <span class=\"price-value\" data-price-value=\"with-tax\">\n            {{price.with_tax.formatted}}\n          </span>\n          {{#if price.without_tax}}\n            <span class=\"price-tax-label\">{{lang 'core.price.with_tax' tax_label=price.tax_label}}</span>\n          {{/if}}\n        </span>\n      {{/if}}\n\n      {{#if price.without_tax}}\n        <span class=\"price-withouttax\" data-price=\"without-tax\">\n          {{#if page_type '!==' 'product'}}\n            {{#if as_low_as}}\n              <span class=\"as-low-as-pricing\">{{lang 'core.price.from'}}</span>\n            {{/if}}\n          {{/if}}\n          {{#if price.rrp_without_tax}}\n            <span class=\"price-rrp\" data-price-rrp=\"without-tax\">{{price.rrp_without_tax.formatted}}</span>\n          {{/if}}\n          <span class=\"price-value\" data-price-value=\"without-tax\">\n            {{price.without_tax.formatted}}\n          </span>\n          {{#if price.with_tax}}\n            <span class=\"price-tax-label\">{{lang 'core.price.without_tax' tax_label=price.tax_label}}</span>\n          {{/if}}\n        </span>\n      {{/if}}\n\n      {{#if show_saved}}\n        {{#if price.saved}}\n          <span class=\"price-saved\" data-price-saved>\n            {{lang 'core.price.you_save'}} {{price.saved.formatted}}\n          </span>\n        {{/if}}\n      {{/if}}\n    </span>\n  {{else}}\n    <span\n      class=\"price {{> core/amp/common/price-class}}\"\n      {{#if schema}}\n        itemprop=\"offers\"\n        itemscope\n        itemtype=\"http://schema.org/Offer\"\n      {{/if}}\n    >\n      {{#if price.with_tax}}\n        <span class=\"price-withtax\" data-price=\"with-tax\">\n          {{#if price.rrp_with_tax}}\n            <span class=\"price-rrp\" data-price-rrp=\"with-tax\">{{price.rrp_with_tax.formatted}}</span>\n          {{/if}}\n          <span class=\"price-value\" data-price-value=\"with-tax\">\n            {{price.with_tax.formatted}}\n          </span>\n          {{#if price.without_tax}}\n            <span class=\"price-tax-label\">{{lang 'core.price.with_tax' tax_label=price.tax_label}}</span>\n          {{/if}}\n        </span>\n      {{/if}}\n\n      {{#if price.without_tax}}\n        <span class=\"price-withouttax\" data-price=\"without-tax\">\n          {{#if price.rrp_without_tax}}\n            <span class=\"price-rrp\" data-price-rrp=\"without-tax\">{{price.rrp_without_tax.formatted}}</span>\n          {{/if}}\n          <span class=\"price-value\" data-price-value=\"without-tax\">\n            {{price.without_tax.formatted}}\n          </span>\n          {{#if price.with_tax}}\n            <span class=\"price-tax-label\">{{lang 'core.price.without_tax' tax_label=price.tax_label}}</span>\n          {{/if}}\n        </span>\n      {{/if}}\n\n      {{#if show_saved}}\n        {{#if price.saved}}\n          <span class=\"price-saved\" data-price-saved>\n            {{lang 'core.price.you_save' amount=price.saved.formatted}}\n          </span>\n        {{/if}}\n      {{/if}}\n    </span>\n  {{/or}}\n{{/if}}\n","core/amp/products/videos":"<amp-carousel\n  width=\"640\"\n  height=\"490\"\n  layout=\"responsive\"\n  type=\"slides\"\n>\n  {{#each this.list}}\n    <div>\n      <div>\n        <amp-youtube\n          width=\"640\"\n          height=\"390\"\n          data-videoid=\"{{id}}\"\n          layout=\"responsive\"\n        >\n      </amp-youtube>\n    </div>\n    <div class=\"amp-product-video-body\">\n      <h3 class=\"amp-product-video-title\">\n        {{title_long}}\n      </h3>\n      <p class=\"amp-product-video-description\">\n        {{description_short}}\n      </p>\n    </div>\n  </div>\n  {{/each}}\n</amp-carousel>\n","core/amp/products/reviews":"<ul class=\"amp-product-review-list\">\n  {{#each reviews.list}}\n    <li class=\"amp-product-review\">\n      <article>\n        <header>\n          <span class=\"amp-product-review-rating\">\n            {{> core/amp/common/ratings rating=rating}}\n          </span>\n          <h3 class=\"amp-product-review-title\">{{title}}</h3>\n          {{#if name}}\n            <p class=\"amp-product-review-author\">\n              {{lang 'core.amp.product.reviews_post_on_by' date=date name=name}}\n            </p>\n          {{/if}}\n        </header>\n        <p class=\"amp-product-review-content\">\n          {{nl2br text}}\n        </p>\n    </li>\n  {{/each}}\n</ul>\n{{> core/amp/common/pagination pagination.reviews}}\n","core/amp/common/share":"{{#if settings.add_this.buttons}}\n  <ul\n    class=\"social-links\"\n    data-addthis:url=\"{{url}}\"\n    data-addthis:title=\"{{title}}\"\n  >\n    {{#each settings.add_this.buttons}}\n      {{#all\n        (if service '!==' 'google')\n        (if service '!==' 'print')\n        (if service '!==' 'facebook')\n        (if service '!==' 'facebook_like')\n      }}\n        <li class=\"social-links-item social-links-item-{{service}}\">\n          {{#if service '===' 'google_plusone'}}\n            <amp-social-share\n              class=\"amp-social-share\"\n              data-params-product-link=\"{{url}}\"\n              data-params-product-id=\"{{id}}\"\n              data-params-product-name=\"{{name}}\"\n              data-params-social-type=\"gplus\"\n              type=\"gplus\"\n            ></amp-social-share>\n          {{else}}\n            <amp-social-share\n              class=\"amp-social-share\"\n              data-params-product-link=\"{{url}}\"\n              data-params-product-id=\"{{id}}\"\n              data-params-product-name=\"{{name}}\"\n              data-params-social-type=\"{{service}}\"\n              type=\"{{service}}\"\n            ></amp-social-share>\n          {{/if}}\n        </li>\n      {{/all}}\n    {{/each}}\n  </ul>\n{{/if}}\n","core/amp/common/price-class":"{{#if price.with_tax}}\n  {{#unless price.without_tax}}\n    {{#if price.rrp_with_tax}}\n      prices-taxed-onsale\n    {{else}}\n      prices-taxed\n    {{/if}}\n  {{/unless}}\n{{/if}}\n{{#if price.without_tax}}\n  {{#unless price.with_tax}}\n    {{#if price.rrp_without_tax}}\n      prices-notax-onsale\n    {{else}}\n      prices-notax\n    {{/if}}\n  {{/unless}}\n{{/if}}\n{{#if price.with_tax}}\n  {{#if price.without_tax}}\n    {{#if price.rrp_with_tax}}\n      prices-both-onsale\n    {{else}}\n      prices-both\n    {{/if}}\n  {{/if}}\n{{/if}}\n","core/amp/common/pagination":"{{!--\n  Pagination: Previous / Next buttons and a list of links to other pages.\n  @param this Object containing links, count, etc\n--}}\n\n{{#any previous links next}}\n  <nav class=\"pagination\">\n    {{#if previous}}\n      <a\n        class=\"pagination-item pagination-previous\"\n        href=\"{{previous}}\"\n        {{#unless reload}}\n          data-faceted-search-facet\n        {{/unless}}\n      >\n        <svg width=\"7\" height=\"12\" viewBox=\"0 0 7 12\" xmlns=\"http://www.w3.org/2000/svg\" role=\"presentation\">\n          <path d=\"M6.01 10.648l-.71.704L-.01 6 5.3.648l.71.704L1.4 6\" fill=\"currentColor\"/>\n        </svg>\n        <span class=\"sr-only\">\n          {{lang 'core.pagination.previous'}}\n        </span>\n      </a>\n    {{/if}}\n\n    {{#each links}}\n      <a\n        class=\"\n          pagination-item\n          {{#if number '==' ../current}}\n            pagination-current\n          {{/if}}\n        \"\n        href=\"{{url}}\"\n        {{#unless reload}}\n          data-faceted-search-facet\n        {{/unless}}\n      >\n        {{number}}\n      </a>\n    {{/each}}\n\n    {{#if next}}\n      <a\n        class=\"pagination-item pagination-next\"\n        href=\"{{next}}\"\n        {{#unless reload}}\n          data-faceted-search-facet\n        {{/unless}}\n      >\n        <svg width=\"7\" height=\"12\" viewBox=\"0 0 7 12\" xmlns=\"http://www.w3.org/2000/svg\" role=\"presentation\">\n          <path d=\"M.34 10.66l.71.703L6.364 6.01 1.05.66l-.71.703L4.955 6.01\" fill=\"currentColor\"/>\n        </svg>\n        <span class=\"sr-only\">\n          {{lang 'core.pagination.next'}}\n        </span>\n      </a>\n    {{/if}}\n  </nav>\n{{/any}}\n"}
