{"core/amp/pages/category":"{{inject \"productsPerPage\" theme_settings.product_catalog_limit}}\n\n{{#partial \"head\"}}\n  {{#if pagination.category.previous}}\n    <link rel=\"prev\" href=\"{{pagination.category.previous}}\">\n  {{/if}}\n  {{#if pagination.category.next}}\n    <link rel=\"next\" href=\"{{pagination.category.next}}\">\n  {{/if}}\n{{/partial}}\n\n{{#partial \"amp-style\"}}\n  {{> core/amp/category/styles\n    header_background=../header_background\n    header_text=../header_text\n    body_background=../body_background\n    color_headings=../color_headings\n    color_text=../color_text\n    footer_background=../footer_background\n    footer_text=../footer_text\n    color_accent=../color_accent\n    color_borders=../color_borders\n  }}\n{{/partial}}\n\n{{#partial \"page\"}}\n  {{> core/amp/common/header}}\n  <section class=\"amp-product-catalog\">\n    {{#if category.image}}\n      <div class=\"amp-product-catalog-image\">\n        <amp-img\n          src=\"{{getImage category.image 'zoom_size'}}\"\n          width=\"300\"\n          height=\"150\"\n          layout=\"responsive\"\n          alt=\"{{category.name}}\"\n        >\n        </amp-img>\n      </div>\n    {{/if}}\n\n    <div class=\"amp-product-catalog-header\">\n      <h1 class=\"amp-product-catalog-image-title\">\n        {{category.name}}\n      </h1>\n      {{{sanitize category.description}}}\n      {{{snippet 'categories'}}}\n    </div>\n\n    <div class=\"amp-product-catalog-content\">\n      {{#if category.products.length}}\n        {{#block \"amp-product-listing\"}} {{/block}}\n      {{else}}\n        <h4 class=\"amp-product-catalog-empty\">\n          {{lang 'core.amp.no_products'}}\n        </h4>\n      {{/if}}\n    </div>\n  </section>\n\n  {{> core/amp/category/subcategories}}\n  {{#block \"amp-footer\"}} {{/block}}\n\n  {{#if settings.amp_analytics_id}}\n    <amp-analytics type=\"googleanalytics\">\n      <script type=\"application/json\">\n      {\n        \"vars\": {\n          \"account\": \"{{settings.amp_analytics_id}}\"\n        },\n        \"extraUrlParams\": {\n          \"cd1\": \"{{page_type}}\",\n          \"cd2\": \"{{category.id}}\",\n          \"cd3\": \"{{category.url}}\",\n          \"cd4\": \"{{category.name}}\"\n        },\n        \"triggers\": {\n          \"trackPageview\": {\n            \"on\": \"visible\",\n            \"request\": \"pageview\"\n          },\n          \"trackClickOnProductCard\" : {\n            \"on\": \"click\",\n            \"selector\": \".amp-grid-item-link, .amp-grid-item-name a\",\n            \"request\": \"event\",\n            \"vars\": {\n              \"eventCategory\": \"Category\",\n              \"eventAction\": \"Product Card\"\n            },\n            \"extraUrlParams\": {\n              \"cd6\": \"${productLink}\",\n              \"cd7\": \"${productId}\",\n              \"cd8\": \"${productName}\"\n            }\n          }\n        }\n      }\n      </script>\n    </amp-analytics>\n  {{/if}}\n\n{{/partial}}\n","core/amp/category/styles":"<style amp-custom>\n  {{> core/amp/css/base\n    header_background=header_background\n    header_text=header_text\n    body_background=body_background\n    color_headings=color_headings\n    color_text=color_text\n    footer_background=footer_background\n    footer_text=footer_text\n    color_accent=color_accent\n    color_borders=color_borders\n  }}\n  {{> core/amp/css/header\n    header_background=header_background\n    header_text=header_text\n    body_background=body_background\n    color_headings=color_headings\n    color_text=color_text\n    footer_background=footer_background\n    footer_text=footer_text\n    color_accent=color_accent\n    color_borders=color_borders\n  }}\n  {{> core/amp/css/footer\n    header_background=header_background\n    header_text=header_text\n    body_background=body_background\n    color_headings=color_headings\n    color_text=color_text\n    footer_background=footer_background\n    footer_text=footer_text\n    color_accent=color_accent\n    color_borders=color_borders\n  }}\n  {{> core/amp/css/category\n    header_background=header_background\n    header_text=header_text\n    body_background=body_background\n    color_headings=color_headings\n    color_text=color_text\n    footer_background=footer_background\n    footer_text=footer_text\n    color_accent=color_accent\n    color_borders=color_borders\n  }}\n</style>\n","core/amp/common/header":"{{#if banners.top}}\n  <div class=\"banners\" data-banner-location=\"top\">\n    <div class=\"banner\">\n      {{{limit banners.top 1}}}\n    </div>\n  </div>\n{{/if}}\n\n<header class=\"amp-header\">\n  <button class=\"amp-header-button\" on=\"tap:amp-menu.toggle\">\n    <div class=\"burger burger-top\"></div>\n    <div class=\"burger burger-middle\"></div>\n    <div class=\"burger burger-bottom\"></div>\n    <span class=\"sr-only\">{{lang 'core.amp.header.menu_open'}}</span>\n  </button>\n\n  <div class=\"amp-header-logo\">\n    {{> core/amp/common/logo}}\n  </div>\n\n  {{#block 'amp-cart-icon'}}{{/block}}\n</header>\n<amp-sidebar layout=\"nodisplay\" id=\"amp-menu\" data-menu>\n  {{> core/amp/common/navigation}}\n</amp-sidebar>\n","core/amp/category/subcategories":"<nav>\n  {{#if category.subcategories}}\n    <div class=\"amp-subcategories-container\">\n      <h5 class=\"amp-subcategories-heading\">\n        {{lang 'core.amp.subcategories'}}\n      </h5>\n      <ul class=\"amp-subcategories-list\">\n        {{#each category.subcategories}}\n          <li class=\"amp-subcategories-list-item\">\n            <a class=\"amp-subcategories-list-action\" href=\"{{url}}\">\n              {{name}}\n            </a>\n          </li>\n        {{/each}}\n      </ul>\n    </div>\n  {{/if}}\n</nav>\n","core/amp/css/base":"*,\n*:after,\n*:before {\n  box-sizing: border-box;\n}\n\nhtml {\n  font-size: 16px;\n}\n\nhtml,\nbody {\n  height: auto;\n}\n\nbody {\n  font-size: 1rem;\n  font-family: -apple-system, BlinkMacSystemFont, \"Segoe UI\", Roboto, Helvetica, Arial, sans-serif;\n  font-weight: 400;\n  line-height: 1.6;\n  color: {{color_text}};\n  background: {{body_background}};\n  padding-top: 55px;\n  -webkit-font-smoothing: antialiased;\n  -moz-osx-font-smoothing: grayscale;\n}\n\nul {\n  margin: 0;\n  padding: 0;\n}\n\nli {\n  padding: 0;\n  margin: 0;\n}\n\na {\n  color: {{color_accent}};\n  line-height: inherit;\n  text-decoration: none;\n}\n\na:hover,\na:focus {\n  opacity: 0.7;\n}\n\n*:focus {\n  outline: 0;\n}\n\np {\n  margin-bottom: 1.5rem;\n}\n\nh1,\nh2,\nh3,\nh4,\nh5,\nh6 {\n  color: {{color_headings}};\n  font-family: -apple-system, BlinkMacSystemFont, \"Segoe UI\", Roboto, Helvetica, Arial, sans-serif;\n  letter-spacing: .25px;\n  margin-bottom: .78571rem;\n  margin-top: 2.28571rem;\n}\n\nh1 {\n  font-size: 28px;\n}\n\nh2 {\n  font-size: 25px\n}\n\nh3 {\n  font-size: 22px;\n}\n\nh4 {\n  font-size: 20px;\n}\n\nh5 {\n  font-size: 15px;\n}\n\nh6 {\n  font-size: 13px;\n  text-transform: uppercase;\n}\n\nhr {\n  border: solid {{color_borders}};\n  border-width: 1px 0 0;\n  clear: both;\n  height: 0;\n  margin: 2rem 0 1.92857rem;\n}\n\nul,\nol,\ndl {\n  list-style-position: outside;\n  margin-bottom: 1.5rem;\n}\n\nul ul,\nul ol,\nol ul,\nol ol {\n  margin-left: 1.2rem;\n  margin-bottom: 0;\n}\n\nul {\n  margin-left: 1.15rem;\n}\n\nol {\n  margin-left: 1.15rem;\n}\n\ndl dt {\n  font-weight: 700;\n  margin-bottom: .35714rem;\n}\n\ndl dd {\n  margin-bottom: 1.5rem;\n}\n\nabbr,\nacronym {\n  border-bottom: 1px dotted {{color_borders}};\n  color: {{color_text}};\n  cursor: help;\n  font-size: 90%;\n  text-transform: uppercase;\n}\n\nabbr {\n  text-transform: none;\n}\n\nblockquote,\nblockquote p {\n  font-size: 22px;\n  line-height: 29px;\n}\n\ncite {\n  color: {{color_accent}};\n  display: block;\n  font-size: 1rem;\n  line-height: 1.5;\n}\n\n.body {\n  margin-bottom: 6rem;\n  margin-top: 1.5rem;\n}\n\n.container {\n  margin-left: auto;\n  margin-right: auto;\n  max-width: 91.71429rem;\n  padding: 0 1.5rem;\n  position: relative;\n}\n\n.sr-only {\n  position: absolute;\n  width: 1px;\n  height: 1px;\n  padding: 0;\n  margin: -1px;\n  overflow: hidden;\n  clip: rect(0,0,0,0);\n  border: 0;\n}\n","core/amp/css/header":".amp-header {\n  position: fixed;\n  top: 0;\n  z-index: 20;\n  display: flex;\n  align-items: center;\n  justify-content: space-between;\n  width: 100%;\n  height: 55px;\n  color: {{header_text}};\n  background-color: {{header_background}};\n  border-bottom: 1px solid {{color_borders}};\n}\n\n.amp-header a {\n  color: {{header_text}};\n}\n\n.amp-mini-cart,\n.amp-header-button {\n  z-index: 10;\n}\n\n.amp-mini-cart {\n  margin-right: 15px;\n}\n\n.amp-header-button {\n  position: relative;\n  display: flex;\n  align-self: center;\n  justify-content: center;\n  flex-shrink: 0;\n  width: 18px;\n  height: 12px;\n  margin-left: 15px;\n  cursor: pointer;\n  background-color: transparent;\n  border: 0;\n}\n\n.amp-header-close {\n  position: absolute;\n  right: 0;\n  padding: 10px;\n  margin-left: 0;\n}\n\n.close,\n.burger {\n  position: absolute;\n  display: block;\n  width: 100%;\n  height: 1px;\n  margin-top: -1px;\n}\n\n.burger {\n  background-color: {{header_text}};\n}\n\n.burger-top {\n  top: 0;\n}\n\n.burger-bottom {\n  top: 100%;\n}\n\n.burger-middle {\n  top: 50%;\n}\n\n.close {\n  background-color: {{color_text}};\n}\n\n.close-left {\n  top: 50%;\n  transform: rotate(-45deg);\n}\n\n.close-right {\n  top: 50%;\n  transform: rotate(45deg);\n}\n\n.arrow-down {\n  position: absolute;\n  display: inline-flex;\n  align-items: center;\n  justify-content: center;\n  right: 0px;\n\ttransform: rotate(90deg);\n  padding: 4px 8px 8px;\n}\n\n.amp-header-link {\n  display: inline-block;\n  text-decoration: none;\n}\n\n.amp-header-logo {\n  position: absolute;\n  width: 100%;\n  text-align: center;\n}\n\n.amp-header-logo-container {\n  position: relative;\n  width: 150px;\n  height: 50px;\n}\n\namp-img.amp-header-logo-image img {\n  object-fit: contain;\n}\n\n.amp-empty-space {\n  width: 3.92857rem;\n}\n\n.amp-header-logo-text {\n  display: block;\n  font-family: \"Oswald\", Arial, Helvetica, sans-serif;\n  font-size: 20px;\n  font-weight: 300;\n  letter-spacing: .35714rem;\n  margin-left: auto;\n  margin-right: auto;\n  overflow: hidden;\n  padding: .21429rem 0;\n  text-overflow: ellipsis;\n  text-transform: uppercase;\n  white-space: nowrap;\n}\n\n.banners {\n  background-color: {{header_background}};\n  color: {{header_text}};\n  padding: .78571rem 0;\n  text-align: center;\n}\n\n.banners p:last-child {\n  margin-bottom: 0;\n}\n\n.banners a {\n  color: {{header_text}};\n}\n\n.banner {\n  margin: 0 auto;\n  max-width: 85.71429rem;\n  width: 100%;\n}\n\n.banner:before,\n.banner:after {\n  content: \" \";\n  display: table;\n}\n\n.banner:after {\n  clear: both;\n}\n\n.banner + .banner {\n  margin-top: 1.5rem;\n}\n\n.form-fieldset {\n  border-width: 0;\n  margin: 0;\n  padding: 0;\n}\n\n.amp-navigation-header {\n  display: block;\n  position: relative;\n  margin-bottom: 1rem;\n}\n\n.amp-navigation {\n  height: 100%;\n  min-width: 200px;\n  padding: 1rem;\n  background-color: {{body_background}};\n  overflow-y: auto;\n}\n\n.amp-navigation-list {\n  margin: 0;\n  padding: 0;\n  list-style: none;\n}\n\n.amp-page-navigation-list {\n  margin-top: 1rem;\n}\n\n.amp-navigation-list + .amp-navigation-list {\n  border-top: 1px solid {{color_borders}};\n  padding-top: 1rem;\n}\n\n.amp-navigation-list + .amp-navigation-utilities {\n  padding-top: 1.25rem;\n  margin-top: 1rem;\n}\n\n.amp-navigation-link {\n  display: block;\n  font-size: 15px;\n  font-weight: 500;\n  color: {{color_text}};\n  padding: .78571rem 0;\n  text-decoration: none;\n}\n\n.amp-navigation-tier-item.has-children > .amp-navigation-link {\n  color: {{color_text}};\n}\n\n.amp-navigation-link[aria-expanded=\"true\"] .arrow-down {\n  transform: rotate(-90deg);\n}\n\n.amp-category-navigation-list .amp-navigation-item > .amp-navigation-link {\n  color: {{color_text}};\n}\n\n.amp-currency-header,\n.amp-navigation-link.is-active {\n  color: {{color_text}};\n}\n\n.amp-navigation-link.is-active {\n  color: {{color_text}};\n  font-weight: 700;\n}\n\n.amp-currency-header,\n.parent-link {\n  background: transparent;\n  border: 0;\n}\n\n.amp-currency-dropdown {\n  border: 1px solid {{ color_borders }};\n  border-radius: 3px;\n  padding-left: 12px;\n  padding-right: 8px;\n  margin-bottom: 4px;\n}\n\n.amp-currency-header {\n  padding: 0.6rem 0;\n}\n\n.amp-currency-header .arrow-down {\n  right: 0;\n}\n\n.amp-navigation-currency-list {\n  margin-left: -12px;\n  margin-right: -8px;\n}\n\n.amp-navigation-currency-item a {\n  display: block;\n  padding: 8px 12px;\n\n  display: block}\n\n.amp-navigation-tier-item {\n  background: #fff;\n}\n\n.amp-navigation-list-tier {\n  position: relative;\n}\n\n.amp-navigation-list-tier .amp-navigation-tier-item {\n  padding-left: 0.75rem;\n}\n\n.amp-navigation-tier-item.has-children .amp-navigation-tier-item {\n  color: {{color_text}};\n  font-weight: 500;\n}\n\n.amp-navigation-list-tier .amp-navigation-link.is-active {\n  border-top: 0;\n  font-weight: 700;\n}\n\n.amp-active-currency {\n  color: {{color_text}};\n  font-weight: 700;\n}\n\n.amp-navigation-currency-list {\n  list-style: none;\n}\n\n.amp-navigation-currency-item a {\n  color: {{color_text}};\n}\n\n.amp-store-credit {\n  text-transform: none;\n  padding: 1.25rem 0;\n  margin-top: 0.5rem;\n  border-top: 1px solid {{color_borders}};\n}\n\n.amp-store-credit:hover {\n  opacity: 1;\n}\n\n.amp-account-link {\n  display: inline-block;\n}\n\n{{#block 'amp-custom-header-styles'}}{{/block}}\n","core/amp/css/footer":".amp-footer {\n  display: flex;\n  flex-wrap: wrap;\n  justify-content: space-between;\n  padding: 0.5rem 1.5rem 2.5rem;\n  color: {{footer_text}};\n  background: {{footer_background}};\n}\n\n.amp-footer a {\n  color: {{footer_text}};\n}\n\n.amp-footer-section {\n  width: 50%;\n}\n\n.amp-footer-heading {\n  margin-top: 1.5rem;\n  font-size: 16px;\n  color: {{footer_text}};\n}\n\n.amp-footer-list {\n  margin: 0;\n  padding: 0;\n  list-style: none;\n}\n\n.amp-footer-list li {\n  padding: .25rem 0;\n}\n\n.amp-footer-credits {\n  width: 100%;\n  margin-top: 1.5rem;\n  text-align: center;\n}\n\n.amp-footer-credits p {\n  margin: 0;\n}\n\n{{#block 'amp-custom-footer-styles'}}{{/block}}\n","core/amp/css/category":".amp-product-catalog-header {\n  max-width: 91.71429rem;\n  padding: 0.5rem 1.5rem;\n  margin-left: auto;\n  margin-right: auto;\n}\n\n.amp-product-catalog-header p {\n  margin: 0;\n}\n\n.amp-product-catalog-header a {\n  text-decoration: underline;\n}\n\n.amp-product-catalog-empty {\n  text-align: center;\n}\n\n.amp-product-catalog-image {\n  padding: 0 0 1rem;\n}\n\n.amp-product-catalog-image-title {\n  font-size: 20px;\n  margin: 7px 0;\n  text-align: center;\n}\n\n.amp-product-catalog-content {\n  margin: 0 1.5rem 3rem;\n}\n\n.amp-product-grid {\n  display: flex;\n  flex-wrap: wrap;\n  list-style: none;\n  margin: 0;\n  padding: 0;\n  justify-content: space-between;\n}\n\n.amp-product-item {\n  width: calc(50% - 10px);\n  margin-top: 1.5rem;\n}\n\n.columns-one .amp-product-item {\n  width: 100%;\n}\n\n.alignment-center .amp-product-item {\n  text-align: center;\n}\n\n.alignment-right .amp-product-item {\n  text-align: right;\n}\n\n.amp-product-grid-item {\n  position: relative;\n}\n\n.product-badge {\n  position: absolute;\n  top: 0;\n  left: 0;\n  z-index: 1;\n  padding: 0.25rem 0.5rem;\n  color: #fff;\n  background: {{color_accent}};\n}\n\n.amp-grid-item-image-container {\n  margin: 0 0 15px 0;\n  padding: 0;\n  width: 100%;\n  position: relative;\n}\n\n.amp-grid-item-image-container.amp-image-ratio-4-3 {\n  padding-bottom: 75%\n}\n\n.amp-grid-item-image-container.amp-image-ratio-1-1 {\n  padding-bottom: 100%\n}\n\n.amp-grid-item-image-container.amp-image-ratio-3-4 {\n  padding-bottom: 133.333%\n}\n\namp-img.amp-grid-item-image img {\n  object-fit: cover;\n}\n\namp-img.amp-grid-item-image.amp-image-contain img {\n  object-fit: contain;\n}\n\n.amp-grid-item-image {\n  max-width: 100%;\n}\n\n.amp-rating-stars {\n  margin-top: 12px;\n  color: {{color_accent}};\n}\n\n.icon-star-full {\n  color: inherit;\n}\n\n.amp-grid-item-name {\n  font-size: 16px;\n  padding-right: 1rem;\n  margin-top: 0px;\n  margin-bottom: 0;\n}\n\n.amp-grid-item-name a {\n  color: {{color_headings}};\n}\n\n.price {\n  color: {{color_text}};\n  opacity: 0.5;\n}\n\n.price-withtax {\n  display: block;\n}\n\n.price-withouttax {\n  display: block;\n}\n\n.price-tax-label {\n  margin-left: 0.5rem;\n}\n\n.price-saved {\n  display: block;\n  margin-top: 1rem;\n  font-size: 1.25rem;\n}\n\n.price-value {\n  display: inline-block;\n}\n\n.price-rrp {\n  text-decoration: line-through;\n}\n\n.price-is-discounted {\n  text-decoration: line-through;\n}\n\n.pagination {\n  position: relative;\n  display: flex;\n  justify-content: center;\n  margin-top: 2rem;\n}\n\n.pagination-item {\n  display: inline-flex;\n  justify-content: center;\n  align-items: center;\n  width: 2rem;\n  height: 2rem;\n  margin-right: 0.5rem;\n  margin-left: 0.5rem;\n  color: {{color_text}};\n  border: 1px solid {{color_borders}};\n  transition: all 0.3s ease;\n  opacity: 0.5;\n}\n\n.pagination-link {\n  display: block;\n  padding: 3px 10px;\n}\n\n.pagination-item.pagination-current {\n  border-color: transparent;\n  background: {{color_accent}};\n  color: #fff;\n  opacity: 1;\n}\n\n.amp-subcategories-container {\n  margin: 0 1.5rem;\n  padding: 1.5rem 0;\n  border-top: 1px solid {{color_borders}};\n}\n\n.amp-subcategories-heading {\n  margin-top: 0;\n  font-size: 16px;\n}\n\n.amp-subcategories-list {\n  list-style: none;\n  margin: 0;\n}\n\n.amp-subcategories-list-item {\n  margin: 0;\n  padding: 0.25rem 0;\n  color: {{color_text}};\n}\n\n.amp-subcategories-list-item a {\n  color: inherit;\n}\n","core/amp/common/logo":"<a href=\"{{urls.home}}\" class=\"amp-header-link\">\n  {{#if settings.store_logo.image}}\n    <div class=\"amp-header-logo-container\">\n      <amp-img\n        class=\"amp-header-logo-image\"\n        src=\"{{getImage settings.store_logo.image 'thumb'}}\"\n        layout=\"fill\"\n        alt=\"{{settings.store_logo.title}}\"\n      >\n      </amp-img>\n    </div>\n  {{else}}\n    <span class=\"amp-header-logo-text\">\n      {{settings.store_logo.title}}\n    </span>\n  {{/if}}\n</a>\n","core/amp/common/navigation":"<nav class=\"amp-navigation\">\n  <div class=\"amp-navigation-header\">\n    <button class=\"amp-header-button amp-header-close\" on=\"tap:amp-menu.close\">\n      <div class=\"close close-left\"></div>\n      <div class=\"close close-right\"></div>\n      <span class=\"sr-only\">{{lang 'core.amp.header.menu_close'}}</span>\n    </button>\n  </div>\n  <ul class=\"amp-navigation-list amp-category-navigation-list\">\n    {{#each categories}}\n      <li class=\"amp-navigation-item\">\n        {{> core/amp/common/navigation-loop\n          show_all=true\n        }}\n      </li>\n    {{/each}}\n  </ul>\n  <ul class=\"amp-navigation-list amp-page-navigation-list\">\n    {{#each pages}}\n      <li class=\"amp-navigation-item\">\n        {{> core/amp/common/navigation-loop\n          show_all=false\n        }}\n      </li>\n    {{/each}}\n    {{#if settings.gift_certificates_enabled}}\n      <li class=\"amp-navigation-item\">\n        <a class=\"amp-navigation-link\" href=\"{{urls.gift_certificate.purchase}}\">\n          {{lang 'core.amp.header.gift_certificate'}}\n        </a>\n      </li>\n    {{/if}}\n  </ul>\n  <ul class=\"amp-navigation-list amp-navigation-utilities\">\n    {{#if currency_selector.currencies.length '>' 1}}\n      <amp-accordion class=\"amp-currency-dropdown\" disable-session-states>\n        <section>\n          <h5\n            class=\"amp-navigation-link has-sub-menu amp-currency-header\"\n          >\n            {{lang 'core.amp.header.currency' code=currency_selector.active_currency_code}}\n            <span class=\"arrow-down\">\n              <svg width=\"9\" height=\"14\" viewBox=\"0 0 7 12\" xmlns=\"http://www.w3.org/2000/svg\" role=\"presentation\">\n                <path d=\"M.34 10.66l.71.703L6.364 6.01 1.05.66l-.71.703L4.955 6.01\" fill=\"currentColor\"/>\n              </svg>\n            </span>\n          </h5>\n          <ul class=\"amp-navigation-currency-list\">\n            {{#each currency_selector.currencies}}\n              <li class=\"amp-navigation-currency-item\">\n                <a\n                  class=\"amp-navigation-currency-switch\"\n                  href=\"{{{switch_url}}}\"\n                >\n                  <span {{#if is_active}}class=\"amp-active-currency\"{{/if}}>\n                    {{name}}\n                  </span>\n                </a>\n              </li>\n            {{/each}}\n          </ul>\n        </section>\n      </amp-accordion>\n    {{/if}}\n    {{#if settings.account_creation_enabled}}\n      {{#if customer}}\n        <li class=\"amp-navigation-item\">\n          <a\n            class=\"amp-navigation-link has-sub-menu\"\n            href=\"{{urls.account.index}}\"\n            data-collapsible=\"amp-navigation-account\"\n          >\n            {{lang 'core.amp.header.account'}}\n          </a>\n        </li>\n        <li class=\"amp-navigation-item\">\n          <a class=\"amp-navigation-link\" href=\"{{urls.auth.logout}}\">\n            {{lang 'core.amp.header.logout'}}\n          </a>\n        </li>\n        {{#if customer.store_credit.value '>' 0}}\n          <li class=\"amp-navigation-item\">\n            <a class=\"amp-navigation-link amp-store-credit\">\n              {{lang 'core.amp.header.store_credit' store_credit=customer.store_credit.formatted}}\n            </a>\n          </li>\n        {{/if}}\n      {{else}}\n        <li class=\"amp-navigation-item\">\n          <a class=\"amp-navigation-link\" href=\"{{urls.auth.login}}\">\n            {{lang 'core.amp.header.account'}}\n          </a>\n        </li>\n      {{/if}}\n    {{/if}}\n  </ul>\n</nav>\n","core/amp/common/navigation-loop":"{{#if children}}\n  <amp-accordion disable-session-states>\n    <section>\n      <h3 class=\"amp-navigation-link parent-link {{#if is_active}}is-active{{/if}}\">\n        {{name}}\n        <span class=\"arrow-down\">\n          <svg width=\"9\" height=\"14\" viewBox=\"0 0 7 12\" xmlns=\"http://www.w3.org/2000/svg\" role=\"presentation\">\n            <path d=\"M.34 10.66l.71.703L6.364 6.01 1.05.66l-.71.703L4.955 6.01\" fill=\"currentColor\"/>\n          </svg>\n        </span>\n      </h3>\n      <ul class=\"amp-navigation-list amp-navigation-list-tier\">\n        <li class=\"amp-navigation-tier-item\">\n          <a class=\"amp-navigation-link {{#if is_active}}is-active{{/if}}\" href=\"{{url}}\">\n            {{#if show_all}}\n              {{lang 'core.amp.header.all'}} {{name}}\n            {{else}}\n              {{name}}\n            {{/if}}\n          </a>\n        <li>\n        {{#each children}}\n          <li class=\"amp-navigation-tier-item {{#if children}}has-children{{/if}}\">\n            {{> core/amp/common/navigation-loop\n              show_all=../show_all\n            }}\n          </li>\n        {{/each}}\n      </ul>\n    </section>\n  </amp-accordion>\n{{else}}\n  <a class=\"amp-navigation-link {{#if is_active}}is-active{{/if}}\" href=\"{{url}}\">\n    {{name}}\n  </a>\n{{/if}}\n"}