{"core/amp/products/product-accordion":"<amp-accordion class=\"amp-product-accordion\" disable-session-states>\n  {{#if product.description}}\n    <section class=\"amp-product-accordion-section\" expanded>\n      <h2 class=\"amp-product-accordion-title\">\n        {{lang 'core.amp.product.description'}}\n        <span class=\"amp-product-accordion-title-toggle\"></span>\n      </h2>\n      <div class=\"amp-product-accordion-content\">\n        {{{product.description}}}\n      </div>\n    </section>\n  {{/if}}\n  {{#if product.videos.list.length}}\n    <section class=\"amp-product-accordion-section\" data-video-gallery>\n      <h2 class=\"amp-product-accordion-title\">\n        {{lang 'core.amp.product.videos'}}\n        <span class=\"amp-product-accordion-title-toggle\"></span>\n      </h2>\n      <div class=\"amp-product-accordion-content\">\n        {{> core/amp/products/videos\n          product.videos\n        }}\n      </div>\n    </section>\n  {{/if}}\n  {{#if settings.show_product_reviews}}\n    {{#if product.reviews.total}}\n      <section class=\"amp-product-accordion-section\" >\n        <h2 class=\"amp-product-accordion-title\">\n          {{lang 'core.amp.product.reviews' num=product.reviews.total}}\n          <span class=\"amp-product-accordion-title-toggle\"></span>\n        </h2>\n        <div class=\"amp-product-accordion-content\">\n          {{> core/amp/products/reviews\n            reviews=product.reviews\n            product=product\n            urls=urls\n          }}\n        </div>\n      </section>\n    {{/if}}\n  {{/if}}\n  {{#if settings.add_this.buttons}}\n    <section class=\"amp-product-accordion-section\">\n      <h2 class=\"amp-product-accordion-title\">\n        {{lang 'core.amp.product.share'}}\n        <span class=\"amp-product-accordion-title-toggle\"></span>\n      </h2>\n      <div class=\"amp-product-accordion-content\">\n        {{> core/amp/common/share}}\n      </div>\n    </section>\n  {{/if}}\n</amp-accordion>\n","core/amp/products/videos":"<amp-carousel\n  width=\"640\"\n  height=\"490\"\n  layout=\"responsive\"\n  type=\"slides\"\n>\n  {{#each this.list}}\n    <div>\n      <div>\n        <amp-youtube\n          width=\"640\"\n          height=\"390\"\n          data-videoid=\"{{id}}\"\n          layout=\"responsive\"\n        >\n      </amp-youtube>\n    </div>\n    <div class=\"amp-product-video-body\">\n      <h3 class=\"amp-product-video-title\">\n        {{title_long}}\n      </h3>\n      <p class=\"amp-product-video-description\">\n        {{description_short}}\n      </p>\n    </div>\n  </div>\n  {{/each}}\n</amp-carousel>\n","core/amp/products/reviews":"<ul class=\"amp-product-review-list\">\n  {{#each reviews.list}}\n    <li class=\"amp-product-review\">\n      <article>\n        <header>\n          <span class=\"amp-product-review-rating\">\n            {{> core/amp/common/ratings rating=rating}}\n          </span>\n          <h3 class=\"amp-product-review-title\">{{title}}</h3>\n          {{#if name}}\n            <p class=\"amp-product-review-author\">\n              {{lang 'core.amp.product.reviews_post_on_by' date=date name=name}}\n            </p>\n          {{/if}}\n        </header>\n        <p class=\"amp-product-review-content\">\n          {{nl2br text}}\n        </p>\n    </li>\n  {{/each}}\n</ul>\n{{> core/amp/common/pagination pagination.reviews}}\n","core/amp/common/share":"{{#if settings.add_this.buttons}}\n  <ul\n    class=\"social-links\"\n    data-addthis:url=\"{{url}}\"\n    data-addthis:title=\"{{title}}\"\n  >\n    {{#each settings.add_this.buttons}}\n      {{#all\n        (if service '!==' 'google')\n        (if service '!==' 'print')\n        (if service '!==' 'facebook')\n        (if service '!==' 'facebook_like')\n      }}\n        <li class=\"social-links-item social-links-item-{{service}}\">\n          {{#if service '===' 'google_plusone'}}\n            <amp-social-share\n              class=\"amp-social-share\"\n              data-params-product-link=\"{{url}}\"\n              data-params-product-id=\"{{id}}\"\n              data-params-product-name=\"{{name}}\"\n              data-params-social-type=\"gplus\"\n              type=\"gplus\"\n            ></amp-social-share>\n          {{else}}\n            <amp-social-share\n              class=\"amp-social-share\"\n              data-params-product-link=\"{{url}}\"\n              data-params-product-id=\"{{id}}\"\n              data-params-product-name=\"{{name}}\"\n              data-params-social-type=\"{{service}}\"\n              type=\"{{service}}\"\n            ></amp-social-share>\n          {{/if}}\n        </li>\n      {{/all}}\n    {{/each}}\n  </ul>\n{{/if}}\n","core/amp/common/ratings":"{{!--\n  Display rating as series of stars\n\n  @param rating\n    The Rating value to display.\n--}}\n\n<div\n  class=\"rating-stars amp-rating-stars\"\n  aria-label=\"{{lang 'product.reviews.rating_stars' rating=rating}}\"\n>\n  {{#for 1 5}}\n    {{#if ../rating '>=' $index}}\n      <svg\n        class=\"icon-star-full\"\n        width=\"15\"\n        height=\"14\"\n        viewBox=\"0 0 15 14\"\n        xmlns=\"http://www.w3.org/2000/svg\"\n        role=\"presentation\"\n      >\n        <path d=\"M7.083 11.374l4.38 2.302-.837-4.876 3.543-3.454-4.898-.71L7.082.197l-2.19 4.437-4.895.71L3.54 8.8l-.837 4.876\" fill-rule=\"nonzero\" fill=\"currentColor\"/>\n      </svg>\n    {{else}}\n      <svg\n        width=\"15\"\n        height=\"14\"\n        viewBox=\"0 0 15 14\"\n        xmlns=\"http://www.w3.org/2000/svg\"\n        role=\"presentation\"\n      >\n        <path d=\"M7.083 10.12l3.14 1.65-.6-3.497 2.542-2.477-3.512-.51-1.57-3.183-1.57 3.183L2 5.796l2.542 2.477-.6 3.497 3.14-1.65zm0 1.05l-4.378 2.302.836-4.874L0 5.146l4.894-.71L7.084 0 9.27 4.435l4.895.71-3.54 3.453.835 4.874-4.377-2.3z\" fill-rule=\"nonzero\" fill=\"currentColor\"/>\n      </svg>\n    {{/if}}\n  {{/for}}\n</div>\n","core/amp/common/pagination":"{{!--\n  Pagination: Previous / Next buttons and a list of links to other pages.\n  @param this Object containing links, count, etc\n--}}\n\n{{#any previous links next}}\n  <nav class=\"pagination\">\n    {{#if previous}}\n      <a\n        class=\"pagination-item pagination-previous\"\n        href=\"{{previous}}\"\n        {{#unless reload}}\n          data-faceted-search-facet\n        {{/unless}}\n      >\n        <svg width=\"7\" height=\"12\" viewBox=\"0 0 7 12\" xmlns=\"http://www.w3.org/2000/svg\" role=\"presentation\">\n          <path d=\"M6.01 10.648l-.71.704L-.01 6 5.3.648l.71.704L1.4 6\" fill=\"currentColor\"/>\n        </svg>\n        <span class=\"sr-only\">\n          {{lang 'core.pagination.previous'}}\n        </span>\n      </a>\n    {{/if}}\n\n    {{#each links}}\n      <a\n        class=\"\n          pagination-item\n          {{#if number '==' ../current}}\n            pagination-current\n          {{/if}}\n        \"\n        href=\"{{url}}\"\n        {{#unless reload}}\n          data-faceted-search-facet\n        {{/unless}}\n      >\n        {{number}}\n      </a>\n    {{/each}}\n\n    {{#if next}}\n      <a\n        class=\"pagination-item pagination-next\"\n        href=\"{{next}}\"\n        {{#unless reload}}\n          data-faceted-search-facet\n        {{/unless}}\n      >\n        <svg width=\"7\" height=\"12\" viewBox=\"0 0 7 12\" xmlns=\"http://www.w3.org/2000/svg\" role=\"presentation\">\n          <path d=\"M.34 10.66l.71.703L6.364 6.01 1.05.66l-.71.703L4.955 6.01\" fill=\"currentColor\"/>\n        </svg>\n        <span class=\"sr-only\">\n          {{lang 'core.pagination.next'}}\n        </span>\n      </a>\n    {{/if}}\n  </nav>\n{{/any}}\n"}