{"core/forms/form-contact-us":"{{#if forms.contact.error}}\n  {{> core/alerts/alert-error message=forms.contact.error dismissable=true}}\n{{/if}}\n\n<form class=\"form\" id=\"form-contact-us\" action=\"{{urls.contact_us_submit}}\" method=\"post\" data-validated-form>\n  <input type=\"hidden\" name=\"page_id\" id=\"page_id\" value=\"{{forms.contact.page_id}}\">\n\n  {{#if forms.contact.name}}\n    {{> core/forms/common/text label=(lang 'core.contact.full_name') name=\"contact_fullname\" id=\"contact_fullname\" required=\"true\" prefill=(lang 'core.contact.full_name_placeholder') value=customer.name}}\n  {{/if}}\n\n  {{#if forms.contact.phone}}\n    {{> core/forms/common/text label=(lang 'core.contact.phone') name=\"contact_phone\" id=\"contact_phone\" prefill=(lang 'core.contact.phone_placeholder') value=customer.phone}}\n  {{/if}}\n\n  {{> core/forms/common/email label=(lang 'core.contact.email') name=\"contact_email\" id=\"contact_email\" required=\"true\" prefill=(lang 'core.contact.email_placeholder') value=customer.email}}\n\n  {{#if forms.contact.order}}\n    {{> core/forms/common/text label=(lang 'core.contact.order') name=\"contact_orderno\" id=\"contact_orderno\" prefill=(lang 'core.contact.order_placeholder')}}\n  {{/if}}\n\n  {{#if forms.contact.company}}\n    {{> core/forms/common/text label=(lang 'core.contact.company') name=\"contact_companyname\" id=\"contact_companyname\" prefill=(lang 'core.contact.company_placeholder')}}\n  {{/if}}\n\n  {{#if forms.contact.rma}}\n    {{> core/forms/common/text label=(lang 'core.contact.rma') name=\"contact_rma\" id=\"contact_rma\" prefill=(lang 'core.contact.rma_placeholder')}}\n  {{/if}}\n\n  {{> core/forms/common/multiline label=(lang 'core.contact.question') name=\"contact_question\" id=\"contact_question\" required=true prefill=(lang 'core.contact.question_placeholder') rows=4}}\n\n  {{{forms.contact.recaptcha.markup}}}\n\n  <div class=\"form-actions\">\n    <input class=\"button button-contact-submit\" type=\"submit\" value=\"{{lang 'core.contact.submit'}}\">\n  </div>\n</form>\n","core/alerts/alert-error":"<div class=\"alert alert-error\">\n  {{#if dismissable}}<a class=\"alert-dismiss\">&times;</a>{{/if}}\n\n  <div class=\"alert-message\">\n    {{#if message}}\n      {{{message}}}\n    {{else}}\n      {{{this}}}\n    {{/if}}\n  </div>\n</div>\n","core/forms/common/text":"\n<div class=\"form-field form-field-common form-field-text {{#if required}} form-required{{/if}}\" id=\"{{id}}\">\n  <label class=\"form-label\">\n    <span class=\"form-field-title\">\n      {{label}}\n      {{#if required}}<span class=\"required-text\">{{lang 'common.required'}}</span>{{/if}}\n    </span>\n    <span class=\"form-field-control\">\n      <input class=\"form-input\"\n        id=\"input-{{id}}\"\n        name=\"{{name}}\"\n        type=\"text\"\n        placeholder=\"{{prefill}}\"\n        {{#if value}}value=\"{{value}}\"{{/if}}\n        {{#if private_id}}data-field-type=\"{{private_id}}\"{{/if}}\n        {{#if required}}required{{/if}}\n        aria-required=\"{{required}}\">\n    </span>\n  </label>\n</div>\n","core/forms/common/email":"\n<div class=\"form-field form-field-common form-field-email {{#if required}} form-required{{/if}}\" id=\"{{id}}\">\n  <label class=\"form-label\">\n    <span class=\"form-field-title\">\n      {{label}}\n      {{#if required}}<span class=\"required-text\">{{lang 'common.required'}}</span>{{/if}}\n    </span>\n    <span class=\"form-field-control\">\n      <input class=\"form-input\"\n        id=\"input-{{id}}\"\n        name=\"{{name}}\"\n        type=\"email\"\n        placeholder=\"{{prefill}}\"\n        {{#if value}}value=\"{{value}}\"{{/if}}\n        {{#if private_id}}data-field-type=\"{{private_id}}\"{{/if}}\n        {{#if required}}required{{/if}}\n        aria-required=\"{{required}}\">\n    </span>\n  </label>\n</div>\n","core/forms/common/multiline":"{{!\n  Textarea form component\n\n  @param validation_message string\n         Custom validation message\n}}\n<div class=\"form-field form-field-common form-field-multiline {{#if required}}form-required{{/if}}\" id=\"{{id}}\">\n  <label class=\"form-label\">\n    <span class=\"form-field-title\">\n      {{label}}\n      {{#if required}}<span class=\"required-text\">{{lang 'common.required'}}</span>{{/if}}\n    </span>\n    <span class=\"form-field-control\">\n      <textarea\n        class=\"form-input\"\n        id=\"textarea-{{id}}\"\n        name=\"{{name}}\"\n        placeholder=\"{{prefill}}\"\n        rows=\"{{rows}}\"\n        {{#if required}}\n          required\n          {{#if validation_message}}\n            data-vd-message-required=\"{{validation_message}}\"\n          {{/if}}\n        {{/if}}\n        aria-required=\"{{required}}\">{{value}}</textarea>\n    </span>\n  </label>\n</div>\n"}