{"pages/amp/product-options":"{{> core/amp/pages/product-options}}\n","core/amp/pages/product-options":"{{#partial \"page\"}}\n  {{> core/amp/products/product-options}}\n{{/partial}}\n{{> layout/amp-iframe}}\n","core/amp/products/product-options":"<div class=\"amp-product-options-container\" data-product-container>\n  <div class=\"amp-product-options\">\n    <form\n      class=\"form\"\n      method=\"post\"\n      action=\"{{product.cart_url}}\"\n      enctype=\"multipart/form-data\"\n      data-cart-item-add\n      data-validated-form\n      target=\"_self\"\n    >\n      <input type=\"hidden\" name=\"action\" value=\"add\">\n      <input type=\"hidden\" name=\"product_id\" value=\"{{product.id}}\" data-product-id/>\n      <div data-product-option-change>\n        {{#each product.options}}\n          {{{dynamicComponent 'core/forms/options'}}}\n        {{/each}}\n      </div>\n\n      {{#each product.customizations}}\n        {{{dynamicComponent 'core/forms/customizations'}}}\n      {{/each}}\n\n      {{#if product.event_date}}\n        {{> core/products/event}}\n      {{/if}}\n\n      {{#if product.show_quantity_input}}\n        <div class=\"add-to-cart-quantity-container\">\n          <div class=\"form-field\" data-product-quantity>\n            <label class=\"form-label\">\n              <span class=\"form-label-text\">\n                {{ lang 'core.amp.product.quantity'}}\n              </span>\n              {{> core/amp/common/quantity product}}\n            </label>\n          </div>\n        </div>\n      {{/if}}\n\n      {{> core/amp/common/alerts}}\n\n      {{#if product.can_purchase}}\n        <div class=\"product-alert\" data-product-option-message></div>\n      {{/if}}\n\n      {{#if product.can_purchase}}\n        <button\n          class=\"button button-primary button-progress\"\n          type=\"submit\"\n          data-button-purchase\n          data-product-title=\"{{product.title}}\"\n        >\n          {{#if product.pre_order}}\n            <span class=\"button-text\">\n              {{lang 'core.amp.product.pre_order'}}\n            </span>\n          {{else}}\n            <span class=\"button-text\">{{lang 'core.amp.product.atc'}}</span>\n          {{/if}}\n        </button>\n      {{else}}\n        {{#if product.price}}\n          {{#if product.out_of_stock}}\n            <div class=\"button button-primary button-disabled\">\n              {{lang 'core.amp.product.sold_out'}}\n            </div>\n          {{/if}}\n        {{/if}}\n      {{/if}}\n    </form>\n  </div>\n</div>\n","layout/amp-iframe":"{{> core/amp/layout/amp-iframe}}\n","core/amp/layout/amp-iframe":"<!DOCTYPE html>\n<html class=\"no-js\" lang=\"{{ locale_name }}\">\n  <head>\n    <title>{{ head.title }}</title>\n    {{{ head.meta_tags }}}\n    {{{ head.config }}}\n    {{#block \"head\"}} {{/block}}\n    <link href=\"{{ head.favicon }}\" rel=\"shortcut icon\">\n    <meta name=\"viewport\" content=\"width=device-width, initial-scale=1, maximum-scale=1\">\n    {{{stylesheet '/assets/css/theme.css'}}}\n    {{ getFontsCollection }}\n    <script src=\"{{cdn 'assets/modernizr-custom.js'}}\"></script>\n\n    {{{ head.scripts }}}\n\n    {{inject 'themeSettings' theme_settings}}\n    {{inject 'urls' urls}}\n    {{> components/common/global-injects}}\n    <style>\n      {{> core/amp/css/product-options}}\n    </style>\n  </head>\n  <body>\n    <div class=\"icons-svg-sprite\"></div>\n\n    {{#block \"page\"}} {{/block}}\n\n    <script src=\"{{cdn '/assets/js/bundle.js'}}\"></script>\n\n    <script>\n      // Exported in app.js\n      window.stencilBootstrap(\"{{template_file}}\", {{jsContext}}).load();\n    </script>\n    <script type=\"text/javascript\" charset=\"utf-8\">\n      function postHeight() {\n        window.parent.postMessage({\n          sentinel: 'amp',\n          type: 'embed-size',\n          height: window.document.querySelector('body').offsetHeight\n        }, '*');\n      }\n      window.addEventListener(\"DOMContentLoaded\", function () {\n        window.addEventListener('resize', postHeight);\n        postHeight();\n      }, false);\n    </script>\n\n  </body>\n</html>\n","core/products/event":"<div class=\"form-field form-field-date form-required\">\n  <span class=\"form-label\">\n\n    <span class=\"form-field-title\">\n      {{product.event_date.name}}\n      <span class=\"required-text\">{{lang 'common.required'}}</span>\n    </span>\n\n    <span class=\"form-field-control\">\n      <span class=\"form-select-wrapper form-date-year\">\n        <select class=\"form-input form-select\" name=\"EventDate[Yr]\" required>\n          <option disabled selected>{{lang 'forms.date.year'}}</option>\n          {{#if product.event_date.earliest_year '==' product.event_date.latest_year}}\n            <option value=\"{{product.event_date.earliest_year}}\">{{product.event_date.earliest_year}}</option>\n          {{else}}\n            {{#for product.event_date.earliest_year product.event_date.latest_year}}\n              <option value=\"{{$index}}\">{{$index}}</option>\n            {{/for}}\n          {{/if}}\n        </select>\n      </span>\n\n      <span class=\"form-select-wrapper form-date-month\">\n        <select class=\"form-input form-select\" name=\"EventDate[Mth]\" required>\n          <option disabled selected>{{lang 'forms.date.month'}}</option>\n          {{#for 1 12}}\n            <option value=\"{{$index}}\">{{getShortMonth $index}}</option>\n          {{/for}}\n        </select>\n      </span>\n\n      <span class=\"form-select-wrapper form-date-day\">\n        <select class=\"form-input form-select\" name=\"EventDate[Day]\" required>\n          <option disabled selected>{{lang 'forms.date.day'}}</option>\n          {{#for 1 31}}\n            <option value=\"{{$index}}\">{{$index}}</option>\n          {{/for}}\n        </select>\n      </span>\n    </span>\n\n  </span>\n\n  {{#if product.event_date.date_start}}\n    {{#if product.event_date.date_end}}\n      <span class=\"product-event-bounds\">{{lang 'forms.date.bounds' start_date=product.event_date.date_start end_date=product.event_date.date_end}}</span>\n    {{/if}}\n  {{/if}}\n</div>\n","core/amp/common/quantity":"{{!\n  Quantity Widget with Increment/Decrement controls.\n\n  @param product\n         cart.item or product object\n}}\n\n<span class=\"form-field-quantity-control\" data-quantity-control=\"{{id}}\">\n  <span\n    class=\"quantity-control-action quantity-decrement\"\n    data-quantity-control-action=\"decrement\"\n  >\n    <svg width=\"10\" height=\"1\" viewBox=\"0 0 10 1\" xmlns=\"http://www.w3.org/2000/svg\" role=\"presentation\">\n      <path d=\"M0 0h10v1H0z\" fill=\"currentColor\" fill-rule=\"evenodd\"/>\n    </svg>\n  </span>\n  <input\n    class=\"form-input\"\n    type=\"number\"\n    name=\"qty[]\"\n    pattern=\"[0-9]*\"\n    value=\"{{#if quantity}}{{quantity}}{{else}}{{#if min_purchase_quantity}}{{min_purchase_quantity}}{{else}}1{{/if}}{{/if}}\"\n    min=\"{{#if min_purchase_quantity}}{{min_purchase_quantity}}{{else}}1{{/if}}\"\n    {{#if max_purchase_quantity}}max=\"{{max_purchase_quantity}}\"{{/if}}\n    data-quantity-control-input\n  >\n  <span\n    class=\"quantity-control-action quantity-increment\"\n    data-quantity-control-action=\"increment\"\n  >\n    <svg width=\"10\" height=\"10\" viewBox=\"0 0 10 10\" xmlns=\"http://www.w3.org/2000/svg\" role=\"presentation\">\n      <path d=\"M4.5 4.5H0v1h4.5V10h1V5.5H10v-1H5.5V0h-1v4.5z\" fill=\"currentColor\" fill-rule=\"evenodd\"/>\n    </svg>\n  </span>\n</span>\n","core/amp/common/alerts":"<div class=\"site-alerts\" data-alerts>\n  {{! container for appending cart-add errors}}\n  <div class=\"product-alert\" data-product-cart-message></div>\n\n  {{#each product.reviews.messages}}\n    {{#if error}}\n      {{> core/alerts/alert-error message=error dismissable=true}}\n    {{/if}}\n    {{#if success}}\n      {{> core/alerts/alert-success message=success dismissable=true}}\n    {{/if}}\n  {{/each}}\n\n  {{#if cart.status_messages}}\n    {{#each cart.status_messages}}\n      {{#if type '==' 0}}\n        {{> core/alerts/alert-error message=message dismissable=true}}\n      {{/if}}\n\n      {{#if type '==' 1}}\n        {{> core/alerts/alert-success message=message dismissable=true}}\n      {{/if}}\n\n      {{#if type '==' 3}}\n        {{> core/alerts/alert-error message=message dismissable=true}}\n      {{/if}}\n    {{/each}}\n  {{/if}}\n</div>\n","core/forms/customizations/checkbox":"\n<div class=\"form-field form-field-customizations form-field-checkbox{{#if required}} form-required{{/if}}\">\n  <div class=\"form-field-title\">\n    {{display_name}}\n    {{#if required}}<span class=\"required-text\">{{lang 'common.required'}}</span>{{/if}}\n  </div>\n  <label class=\"form-label\">\n    <span class=\"form-field-control\">\n      <input class=\"form-input form-checkbox\"\n        id=\"product-field-{{id}}\"\n        name=\"ProductFields[{{this.id}}]\"\n        type=\"checkbox\"\n        {{#if value}}checked{{/if}}\n        {{#if required}}required{{/if}}\n        aria-required=\"{{required}}\"\n      >\n      <span class=\"form-label-text product-customization-text\">\n        {{display_name}}\n      </span>\n    </span>\n  </label>\n</div>\n","core/forms/customizations/file":"\n<div class=\"form-field form-field-customizations form-field-file {{#if required}}form-required{{/if}}\">\n  <label class=\"form-label\">\n    <span class=\"form-field-title\">\n      {{display_name}}\n      {{#if required}}<span class=\"required-text\">{{lang 'common.required'}}</span>{{/if}}\n    </span>\n    <span class=\"form-field-control\">\n      <span class=\"form-file-wrapper\" data-button-label=\"{{lang 'core.account.products.upload'}}\">\n        <input\n          class=\"form-input form-file\"\n          id=\"product-fields-{{id}}\"\n          name=\"ProductFields[{{this.id}}]\"\n          type=\"file\"\n          {{#if required}}required{{/if}}\n          aria-required=\"{{required}}\">\n      </span>\n    </span>\n  </label>\n\n  {{#if file_types '!==' ''}}\n    <span class=\"form-file-types\">{{lang 'core.account.products.filetypes' file_types=file_types}}</span>\n  {{/if}}\n\n  <span class=\"form-file-size\">{{lang 'core.account.products.max_filesize' bytes=file_size}}</span>\n</div>\n","core/forms/customizations/select":"\n<div class=\"form-field form-field-customizations form-field-select{{#if required}} form-required{{/if}}\">\n  <label class=\"form-label\">\n    <span class=\"form-field-title\">\n      {{display_name}}\n      {{#if required}}<span class=\"required-text\">{{lang 'common.required'}}</span>{{/if}}\n    </span>\n    <span class=\"form-field-control\">\n      <span class=\"form-select-wrapper\">\n        <select\n          class=\"form-input input-select\"\n          id=\"product-fields-{{id}}\"\n          name=\"ProductFields[{{this.id}}]\"\n          {{#if required}}required{{/if}}\n          aria-required=\"{{required}}\">\n          <option value=\"\" {{#any values selected=true}}{{else}}selected{{/any}} disabled>{{lang 'product.pick_one'}}</option>\n          {{#each values}}\n            <option value=\"{{this}}\" {{#if selected}}selected{{/if}}>{{this}}</option>\n          {{/each}}\n        </select>\n      </span>\n    </span>\n  </label>\n</div>\n","core/forms/customizations/text":"\n<div class=\"form-field form-field-customizations form-field-text{{#if required}} form-required{{/if}}\">\n  <label class=\"form-label\" for=\"product-fields-{{id}}\">\n    <span class=\"form-field-title\">\n      {{display_name}}\n      {{#if required}}<span class=\"required-text\">{{lang 'common.required'}}</span>{{/if}}\n    </span>\n    <span class=\"form-field-control\">\n      <input class=\"form-input\"\n        id=\"product-fields-{{id}}\"\n        name=\"ProductFields[{{this.id}}]\"\n        type=\"text\"\n        placeholder=\"{{prefill}}\"\n        value=\"{{value}}\"\n        {{#if required}}required{{/if}}\n        aria-required=\"{{required}}\">\n    </span>\n  </label>\n</div>\n","core/forms/customizations/textarea":"\n<div class=\"form-field form-field-customizations form-field-textarea{{#if required}} form-required{{/if}}\">\n  <label class=\"form-label\">\n    <span class=\"form-field-title\">\n      {{display_name}}:\n      {{#if required}}<span class=\"required-text\">{{lang 'common.required'}}</span>{{/if}}\n    </span>\n    <span class=\"form-field-control\">\n      <textarea\n        class=\"form-input\"\n        id=\"product-fields-{{id}}\"\n        name=\"ProductFields[{{this.id}}]\"\n        rows=\"4\"\n        placeholder=\"{{prefill}}\"\n        {{#if required}}required{{/if}}\n        aria-required=\"{{required}}\"></textarea>\n    </span>\n  </label>\n</div>\n","core/forms/options/date":"<div class=\"form-field form-field-options form-field-date{{#if required}} form-required{{/if}}\"\n  data-product-attribute=\"date\">\n  <span class=\"form-label\">\n\n    <span class=\"form-field-title\">\n      {{display_name}}\n      {{#if required}}<span class=\"required-text\">{{lang 'common.required'}}</span>{{/if}}\n    </span>\n\n    <span class=\"form-field-control\">\n      <span class=\"form-select-wrapper form-date-year\">\n        <select class=\"form-input form-select\" name=\"attribute[{{id}}][year]\" {{#if required}}required{{/if}} aria-required=\"{{required}}\">\n          <option disabled>{{lang 'forms.date.year'}}</option>\n          {{#if earliest_year '===' latest_year}}\n            <option value=\"{{earliest_year}}\" selected=\"selected\">{{earliest_year}}</option>\n          {{else}}\n            {{#for earliest_year latest_year}}\n              <option value=\"{{$index}}\" {{#if ../selected_date.year '==' $index}}selected=\"selected\"{{/if}}>{{$index}}</option>\n            {{/for}}\n          {{/if}}\n        </select>\n      </span>\n\n      <span class=\"form-select-wrapper form-date-month\">\n        <select class=\"form-input form-select\" name=\"attribute[{{id}}][month]\" {{#if required}}required{{/if}} aria-required=\"{{required}}\">\n          <option disabled>{{lang 'forms.date.month'}}</option>\n          {{#for 1 12}}\n            <option value=\"{{$index}}\" {{#if ../selected_date.month '==' $index}}selected=\"selected\"{{/if}}>{{getShortMonth $index}}</option>\n          {{/for}}\n        </select>\n      </span>\n\n      <span class=\"form-select-wrapper form-date-day\">\n        <select class=\"form-input form-select\" name=\"attribute[{{id}}][day]\" {{#if required}}required{{/if}} aria-required=\"{{required}}\">\n          <option disabled>{{lang 'forms.date.day'}}</option>\n          {{#for 1 31}}\n            <option value=\"{{$index}}\" {{#if ../selected_date.day '==' $index}}selected=\"selected\"{{/if}}>{{$index}}</option>\n          {{/for}}\n        </select>\n        </span>\n    </span>\n\n  </span>\n</div>\n","core/forms/options/input-checkbox":"\n<div class=\"form-field form-field-options form-field-checkbox{{#if required}} form-required{{/if}}\"\n  data-product-attribute=\"input-checkbox\">\n  <div class=\"form-field-title\">\n    {{display_name}}\n    {{#if required}}<span class=\"required-text\">{{lang 'common.required'}}</span>{{/if}}\n  </div>\n\n  <div class=\"form-field-control\">\n    <label class=\"form-label {{class}}\">\n      <input\n        class=\"form-input form-checkbox\"\n        id=\"attribute-{{id}}\"\n        name=\"attribute[{{id}}]\"\n        type=\"checkbox\"\n        value=\"{{value}}\"\n        {{#if checked}}checked{{/if}}\n        {{#if required}}required{{/if}}\n        aria-required=\"{{required}}\">\n      <span class=\"form-label-text\">{{label}}</span>\n    </label>\n  </div>\n</div>\n","core/forms/options/input-file":"\n<div class=\"form-field form-field-options form-field-file {{#if required}}form-required{{/if}}\"\n  data-product-attribute=\"input-file\">\n  <label class=\"form-label\">\n    <span class=\"form-field-title\">\n      {{display_name}}\n      {{#if required}}<span class=\"required-text\">{{lang 'common.required'}}</span>{{/if}}\n    </span>\n    <span class=\"form-field-control\">\n      <span class=\"form-file-wrapper\" data-button-label=\"{{lang 'core.account.products.upload'}}\">\n        <input\n          class=\"form-input form-file\"\n          id=\"attribute-{{id}}\"\n          name=\"attribute[{{id}}]\"\n          type=\"file\"\n          {{#if required}}required{{/if}}\n          aria-required=\"{{required}}\">\n      </span>\n    </span>\n  </label>\n\n  {{#if file_types '!==' ''}}\n    <span class=\"form-file-types\">{{lang 'core.account.products.filetypes' file_types=file_types}}</span>\n  {{/if}}\n\n  <span class=\"form-file-size\">{{lang 'core.account.products.max_filesize' bytes=file_size}}</span>\n</div>\n","core/forms/options/input-numbers":"\n<div class=\"form-field form-field-options form-field-number{{#if required}} form-required{{/if}}\"\n data-product-attribute=\"input-number\">\n  <label class=\"form-label\">\n    <span class=\"form-field-title\">\n      {{display_name}}\n      {{#if required}}<span class=\"required-text\">{{lang 'common.required'}}</span>{{/if}}\n    </span>\n    <span class=\"form-field-control\">\n      <input class=\"form-input\" id=\"attribute-{{id}}\" name=\"attribute[{{id}}]\" type=\"number\" value=\"{{prefill}}\" {{#if required}}required{{/if}} aria-required=\"{{required}}\">\n    </span>\n  </label>\n</div>\n","core/forms/options/input-text":"\n<div class=\"form-field form-field-options form-field-text{{#if required}} form-required{{/if}}\"\n  data-product-attribute=\"input-text\">\n  <label class=\"form-label\">\n    <span class=\"form-field-title\">\n      {{display_name}}\n      {{#if required}}<span class=\"required-text\">{{lang 'common.required'}}</span>{{/if}}\n    </span>\n    <span class=\"form-field-control\">\n      <input class=\"form-input\"\n        id=\"attribute-{{id}}\"\n        name=\"attribute[{{id}}]\"\n        type=\"text\"\n        placeholder=\"{{prefill}}\"\n        value=\"\"\n        {{#if required}}required{{/if}}\n        aria-required=\"{{required}}\">\n    </span>\n  </label>\n</div>\n","core/forms/options/product-list":"\n<div class=\"form-field form-field-options form-field-product-list{{#if required}} form-required{{/if}}\"\n  data-product-attribute=\"product-list\">\n  <div class=\"form-field-title\">\n    {{display_name}}\n    {{#if required}}<span class=\"required-text\">{{lang 'common.required'}}</span>{{/if}}\n  </div>\n\n  <div class=\"form-field-control\">\n    {{#unless values.0.image}}\n      {{!-- same as radio buttons if no image set --}}\n      {{#each values}}\n        <label class=\"form-label\" data-product-attribute-value=\"{{id}}\">\n          <input\n            class=\"form-input form-radio\"\n            name=\"attribute[{{../id}}]\"\n            type=\"radio\"\n            value=\"{{id}}\"\n            {{#if selected}}checked{{/if}}\n            {{#if ../required}}required{{/if}}\n            aria-required=\"{{required}}\">\n          <span class=\"form-label-text\">{{label}}</span>\n        </label>\n      {{/each}}\n      {{#unless required}}\n        <label class=\"form-label\">\n          <input\n            class=\"form-input form-radio\"\n            name=\"attribute[{{id}}]\"\n            type=\"radio\"\n            value=\"0\"\n            {{#if prefill '==' 0}}checked{{/if}}\n            {{#if ../required}}required{{/if}}\n            aria-required=\"{{required}}\">\n          <span class=\"form-label-text\">{{lang 'core.product.none'}}</span>\n        </label>\n      {{/unless}}\n    {{else}}\n      {{#each values}}\n        <label class=\"form-label product-picklist-item\" data-product-attribute-value=\"{{id}}\">\n          <input\n            class=\"form-input form-radio product-picklist-radio\"\n            name=\"attribute[{{../id}}]\"\n            type=\"radio\" value=\"{{id}}\"\n            {{#if selected}}checked{{/if}}\n            {{#if ../required}}required{{/if}}\n            aria-required=\"{{required}}\">\n          <span class=\"product-picklist-item-body\">\n            <span class=\"product-picklist-image-wrap\">\n              <img class=\"product-picklist-image\" src=\"{{getImage image 'core-product-picklist' (cdn ../theme_settings.default_image)}}\" alt=\"{{image.alt}}\">\n            </span>\n            <span class=\"product-picklist-label-text form-label-text\">{{label}}</span>\n          </span>\n        </label>\n      {{/each}}\n      {{#unless required}}\n        <label class=\"form-label product-picklist-item\">\n          <input\n            class=\"form-input form-radio product-picklist-radio\"\n            name=\"attribute[{{id}}]\"\n            type=\"radio\"\n            value=\"0\"\n            {{#if prefill '==' 0}}checked{{/if}}>\n          <span class=\"product-picklist-item-body picklist-none\">\n            <span class=\"product-picklist-label-text form-label-text\">{{lang 'product.none'}}</span>\n          </span>\n        </label>\n      {{/unless}}\n    {{/unless}}\n  </div>\n</div>\n","core/forms/options/set-radio":"\n<div class=\"form-field form-field-options form-field-radio{{#if required}} form-required{{/if}}\"\n  data-product-attribute=\"set-radio\">\n  <div class=\"form-field-title product-option-title\">\n    {{display_name}}\n    {{#if required}}<span class=\"required-text\">{{lang 'common.required'}}</span>{{/if}}\n  </div>\n  <div class=\"form-field-control\">\n    {{#each values}}\n      <label class=\"form-label\" data-product-attribute-value=\"{{id}}\">\n        <input\n          class=\"form-input form-radio\"\n          id=\"attribute-{{id}}\"\n          name=\"attribute[{{../id}}]\"\n          type=\"radio\"\n          value=\"{{id}}\"\n          {{#if selected}}checked{{/if}}\n          {{#if ../required}}required{{/if}}\n          aria-required=\"{{required}}\">\n        <span class=\"form-label-text\">{{label}}</span>\n      </label>\n    {{/each}}\n    {{#unless required}}\n      <label class=\"form-label\">\n        <input\n          class=\"form-input form-radio\"\n          name=\"attribute[{{../id}}]\"\n          type=\"radio\"\n          value=\"0\"\n          {{#if prefill '==' 0}}checked{{/if}}\n          aria-required=\"{{required}}\">\n        <span class=\"form-label-text\">{{lang 'core.product.none'}}</span>\n      </label>\n    {{/unless}}\n  </div>\n</div>\n","core/forms/options/set-rectangle":"\n<div class=\"form-field form-field-options form-field-rectangle{{#if required}} form-required{{/if}}\"\n  data-product-attribute=\"set-rectangle\">\n  <div class=\"form-field-title\">\n    {{display_name}}\n    {{#if required}}<span class=\"required-text\">{{lang 'common.required'}}</span>{{/if}}\n  </div>\n  <div class=\"form-field-control\">\n    {{#each values}}\n      <label class=\"form-label rectangle\" data-product-attribute-value=\"{{id}}\">\n        <input\n          class=\"form-input form-rectangle\"\n          name=\"attribute[{{../id}}]\"\n          id=\"attribute-{{id}}\"\n          type=\"radio\"\n          value=\"{{id}}\"\n          {{#if selected}}checked{{/if}}\n          {{#if ../required}}required{{/if}}\n          aria-required=\"{{required}}\">\n        <span class=\"rectangle-text form-label-text\">{{label}}</span>\n      </label>\n    {{/each}}\n    {{#unless required}}\n      <label class=\"form-label rectangle\">\n        <input\n          class=\"form-input form-rectangle\"\n          name=\"attribute[{{../id}}]\"\n          type=\"radio\"\n          value=\"0\"\n          {{#if selected}}checked{{/if}}\n          aria-required=\"{{required}}\">\n        <span class=\"rectangle-text form-label-text\">{{lang 'core.product.none'}}</span>\n      </label>\n    {{/unless}}\n  </div>\n</div>\n","core/forms/options/set-select":"\n<div class=\"form-field form-field-options form-field-select{{#if required}} form-required{{/if}}\"\n  data-product-attribute=\"set-select\">\n  <label class=\"form-label\">\n    <span class=\"form-field-title\">\n      {{display_name}}\n      {{#if required}}<span class=\"required-text\">{{lang 'common.required'}}</span>{{/if}}\n    </span>\n    <span class=\"form-field-control\">\n      <div class=\"form-select-wrapper\">\n        <select\n          class=\"form-input form-select\"\n          id=\"attribute-{{id}}\"\n          name=\"attribute[{{id}}]\"\n          {{#if ../required}}required{{/if}}\n          aria-required=\"{{required}}\">\n          <option value=\"\" {{#any values selected=true}}{{else}}selected{{/any}}>{{lang 'product.pick_one'}}</option>\n          {{#each values}}\n            <option value=\"{{id}}\" {{#if selected}}selected{{/if}} data-product-attribute-value=\"{{id}}\">{{label}}</option>\n          {{/each}}\n          {{#unless required}}\n            <option value=\"{{id}}\" {{#if selected}}selected{{/if}} data-product-attribute-value=\"{{id}}\">{{lang 'core.product.none'}}</option>\n          {{/unless}}\n        </select>\n      </div>\n    </span>\n  </label>\n</div>\n","core/forms/options/swatch":"\n<div class=\"form-field form-field-options form-field-swatch{{#if required}} form-required{{/if}}\"\n  data-swatch-selector\n  data-product-attribute=\"swatch\">\n  <div class=\"form-field-title\">\n    {{display_name}}\n    <span class=\"swatch-value\" data-swatch-value>{{lang 'forms.swatches_none_selected'}}</span>\n    {{#if required}}<span class=\"required-text\">{{lang 'common.required'}}</span>{{/if}}\n  </div>\n\n  <div class=\"form-field-control\">\n    {{#each values}}\n      <label class=\"swatch-wrap\" data-swatch-value=\"{{label}}\" data-product-attribute-value=\"{{id}}\">\n        <span class=\"form-label-text\">{{label}}</span>\n\n        <input\n          class=\"form-input swatch-radio\"\n          id=\"attribute-{{id}}\"\n          type=\"radio\"\n          name=\"attribute[{{../id}}]\"\n          value=\"{{id}}\"\n          {{#if selected}}checked{{/if}}\n          {{#if ../required}}required{{/if}}\n          aria-required=\"{{required}}\">\n\n        <span class=\"swatch {{#if data.[1]}}two-colors{{/if}}{{#if data.[2]}} three-colors{{/if}}\">\n          {{#if pattern}}\n            <span class=\"swatch-color swatch-pattern\" style=\"background-image: url('{{getImage image 'core-swatch'}}');\"></span>\n          {{/if}}\n\n          {{#if data.[0]}}\n            <span class=\"swatch-color\" style=\"background-color: #{{data.[0]}}\"></span>\n          {{/if}}\n\n          {{#if data.[1]}}\n            <span class=\"swatch-color secondary\" style=\"background-color: #{{data.[1]}}\"></span>\n          {{/if}}\n\n          {{#if data.[2]}}\n            <span class=\"swatch-color tertiary\" style=\"background-color: #{{data.[2]}}\"></span>\n          {{/if}}\n        </span>\n\n        {{#if pattern}}\n          <span class=\"swatch-pattern-expanded\">\n            <img class=\"swatch-pattern-image\" src=\"{{getImage image 'core-swatch'}}\">\n          </span>\n        {{/if}}\n\n      </label>\n    {{/each}}\n    {{#unless required}}\n      <label class=\"swatch-wrap swatch-none\"  data-swatch-value=\"{{lang 'core.product.none'}}\" data-product-attribute-value=\"{{id}}\">\n        <span class=\"form-label-text\">{{lang 'core.product.none'}}</span>\n        <input\n          class=\"form-input swatch-radio\"\n          name=\"attribute[{{../id}}]\"\n          type=\"radio\"\n          value=\"0\"\n          {{#if prefill '==' 0}}checked{{/if}}\n          aria-required=\"{{required}}\"\n        >\n        <span class=\"swatch\">\n          <svg width=\"50\" height=\"50\" viewBox=\"0 0 50 50\" xmlns=\"http://www.w3.org/2000/svg\">\n            <path d=\"M46.717.5633l2.7197 2.7196L3.283 49.4366.5632 46.717\" fill-rule=\"nonzero\" fill=\"#D0021B\"/>\n          </svg>\n        </span>\n      </label>\n    {{/unless}}\n  </div>\n\n</div>\n","core/forms/options/textarea":"\n<div class=\"form-field form-field-options form-field-textarea{{#if required}} form-required{{/if}}\"\n  data-product-attribute=\"textarea\">\n  <label class=\"form-label\">\n    <span class=\"form-field-title\">\n      {{display_name}}\n      {{#if required}}<span class=\"required-text\">{{lang 'common.required'}}</span>{{/if}}\n    </span>\n    <span class=\"form-field-control\">\n      <textarea\n        class=\"form-input\"\n        id=\"attribute-{{id}}\"\n        name=\"attribute[{{id}}]\"\n        rows=\"4\"\n        placeholder=\"{{prefill}}\"\n        {{#if required}}required{{/if}}\n        aria-required=\"{{required}}\"></textarea>\n    </span>\n  </label>\n</div>\n","components/common/global-injects":"{{! Theme Settings}}\n{{inject 'themeImageSizes' theme_images}}\n{{inject 'breakPoints' theme_settings.screen-sizes}}\n{{inject 'productsPerPage' theme_settings.product-results-per-page}}\n{{inject 'disableProductAjax' theme_settings.product-purchase-disable-ajax}}\n{{inject 'cartUrl' urls.cart}}\n\n{{! Carousel Settings}}\n{{inject 'carouselDelay' carousel.swap_frequency}}\n\n{{! Compare Messages}}\n{{inject 'compareCompareProducts' (lang 'compare.compare_submit')}}\n{{inject 'compareClearSelection' (lang 'compare.clear_compare')}}\n\n{{! Product Messages}}\n{{inject 'homeLink' urls.home}}\n{{inject 'continueShopping' (lang 'product.continue_shopping')}}\n{{inject 'urlsCart' urls.cart}}\n{{inject 'urlsCheckout' urls.checkout.single_address}}\n{{inject 'messagesCartLink' (lang 'product.cart_link')}}\n{{inject 'messagesCartQuantityError' (lang 'product.error_message_quantity')}}\n{{inject 'messagesCheckoutLink' (lang 'product.checkout_link')}}\n{{inject 'messagesProductGeneral' (lang 'product.error_message_general')}}\n{{inject 'messagesProductAddSuccess' (lang 'product.success')}}\n{{inject 'messagesProductAddSuccessAlert' (lang 'product.success_alert')}}\n{{inject 'productOutOfStock' (lang 'product.error_message_stock')}}\n{{inject 'productAddToCart' (lang 'product.add_to_cart')}}\n{{inject 'productPreOrder' (lang 'product.pre_order')}}\n{{inject 'productSoldOut' (lang 'product.sold_out')}}\n{{inject 'productYouSave' (lang 'core.price.you_save' amount='{amount}')}}\n{{inject 'productIncludingTax' (lang 'product.including_tax')}}\n{{inject 'productExcludingTax' (lang 'product.excluding_tax')}}\n{{inject 'productPreviewVariation' (lang 'product.preview_variation')}}\n{{inject 'productOptionUnavailable' (lang 'product.option_unavailable')}}\n\n{{! Form Validation Messages}}\n{{inject 'validationRequired' (lang 'forms.validation.required')}}\n{{inject 'validationEmail' (lang 'forms.validation.email')}}\n{{inject 'validationNumber' (lang 'forms.validation.number')}}\n{{inject 'validationNumMax' (lang 'forms.validation.num_max')}}\n{{inject 'validationNumMin' (lang 'forms.validation.num_min')}}\n{{inject 'validationNumRange' (lang 'forms.validation.num_range')}}\n{{inject 'validationMaxLength' (lang 'forms.validation.max_length')}}\n{{inject 'validationMinLength' (lang 'forms.validation.min_length')}}\n{{inject 'validationMaxChecked' (lang 'forms.validation.max_checked')}}\n{{inject 'validationMinChecked' (lang 'forms.validation.min_checked')}}\n{{inject 'validationMaxSelected' (lang 'forms.validation.max_selected')}}\n{{inject 'validationMinSelected' (lang 'forms.validation.min_selected')}}\n{{inject 'validationNotEqual' (lang 'forms.validation.not_equal')}}\n{{inject 'validationDifferent' (lang 'forms.validation.different')}}\n\n{{inject 'showMore' (lang 'sidebar_filters.show_more')}}\n{{inject 'hideMore' (lang 'sidebar_filters.hide_more')}}\n\n{{!-- Image Zoom --}}\n{{inject 'zoomClose' (lang 'core.product.zoom.close')}}\n{{inject 'zoomShare' (lang 'core.product.zoom.share')}}\n{{inject 'zoomFullscreen' (lang 'core.product.zoom.fullscreen')}}\n{{inject 'zoomAction' (lang 'core.product.zoom.zoom_action')}}\n{{inject 'zoomPrevious' (lang 'core.product.zoom.previous')}}\n{{inject 'zoomNext' (lang 'core.product.zoom.next')}}\n","core/amp/css/product-options":"body {\n  padding: 0;\n  margin: 0;\n}\n\n.alert {\n  margin-bottom: 0.75rem;\n}\n\n.amp-product-options .form-inline-message {\n  margin-top: 0;\n  margin-bottom: 1rem;\n}\n\n.button-progress {\n  position: relative;\n}\n\n.button-progress.in-progress .button-text {\n  visibility: hidden;\n}\n\n.amp-product-options .add-to-cart-quantity-container {\n  max-width: 270px;\n}\n\n.amp-product-options .site-alerts {\n  position: static;\n}\n","core/alerts/alert-error":"<div class=\"alert alert-error\">\n  {{#if dismissable}}<a class=\"alert-dismiss\">&times;</a>{{/if}}\n\n  <div class=\"alert-message\">\n    {{#if message}}\n      {{{message}}}\n    {{else}}\n      {{{this}}}\n    {{/if}}\n  </div>\n</div>\n","core/alerts/alert-success":"<div class=\"alert alert-success\">\n  {{#if dismissable}}<a class=\"alert-dismiss\">&times;</a>{{/if}}\n\n  <div class=\"alert-message\">\n    {{#if message}}\n      {{{message}}}\n    {{else}}\n      {{{this}}}\n    {{/if}}\n  </div>\n</div>\n"}