{"components/faceted-search/facets-base":"\n<div class=\"faceted-search-filter filter-type-{{type}}\">\n\n  <h3 class=\"sidebar-title\">\n    {{title}}\n\n    {{#if remove_url}}\n      <a\n        class=\"faceted-search-remove\"\n        href=\"{{remove_url}}\"\n        data-faceted-search-facet\n        rel=\"nofollow\">\n        {{lang 'sidebar_filters.clear_filters'}}\n      </a>\n    {{/if}}\n\n    {{#unless selected}}\n      {{#if start_collapsed}}\n        <span class=\"faceted-search-toggle\">&#43;</span>\n      {{else}}\n        <span class=\"faceted-search-toggle is-open\" data-default-visible>&ndash;</span>\n      {{/if}}\n    {{/unless}}\n  </h3>\n\n  {{{dynamicComponent 'components/faceted-search/facets'}}}\n</div>\n","components/faceted-search/facets/hierarchy":"<div\n  class=\"\n    faceted-search-filter-list\n    {{#if selected}}is-open{{/if}}\n    {{#unless start_collapsed}}is-open{{/unless}}\n  \">\n\n  <ul\n    data-facet-name=\"{{facet}}\"\n    data-count=\"{{items_count}}\"\n    data-has-more-results=\"{{has_more_results}}\">\n    {{#if items}}\n      {{#each items}}\n        <li class=\"faceted-search-item\">\n          <a href=\"{{url}}\" data-faceted-search-facet rel=\"nofollow\">\n            <span class=\"icon {{#if selected}}icon-checked{{else}}icon-unchecked{{/if}}\"></span>\n            {{title}}\n            {{#if ../show_product_counts}}\n              {{#if count}}\n                <span class=\"faceted-search-item-count\">\n                  ({{count}})\n                </span>\n              {{/if}}\n            {{/if}}\n          </a>\n        </li>\n      {{/each}}\n    {{else}}\n      <li class=\"faceted-search-item\">{{lang 'sidebar_filters.empty_facet'}}</li>\n    {{/if}}\n  </ul>\n\n  {{#if show_more_toggle}}\n    <button\n      class=\"faceted-search-more\"\n      role=\"button\"\n      data-additional-facets=\"{{facet}}\">\n      <span>{{lang 'sidebar_filters.show_more'}}</span>\n      <span class=\"hidden\">{{lang 'sidebar_filters.show_less'}}</span>\n    </button>\n  {{/if}}\n</div>","components/faceted-search/facets/multi":"<div\n  class=\"\n    faceted-search-filter-list\n    {{#if selected}}is-open{{/if}}\n    {{#unless start_collapsed}}is-open{{/unless}}\n  \">\n\n  <ul\n    data-facet-name=\"{{facet}}\"\n    data-count=\"{{items_count}}\"\n    data-has-more-results=\"{{has_more_results}}\">\n    {{#if items}}\n      {{#each items}}\n        <li class=\"faceted-search-item\">\n          <a href=\"{{url}}\" data-faceted-search-facet rel=\"nofollow\">\n            <span class=\"icon {{#if selected}}icon-checked{{else}}icon-unchecked{{/if}}\"></span>\n            {{title}}\n\n            {{#if ../show_product_counts}}\n              {{#if count}}\n                <span class=\"faceted-search-item-count\">\n                  ({{count}})\n                </span>\n              {{/if}}\n            {{/if}}\n          </a>\n        </li>\n      {{/each}}\n    {{else}}\n      <li class=\"faceted-search-item\">{{lang 'sidebar_filters.empty_facet'}}</li>\n    {{/if}}\n  </ul>\n\n  {{#if show_more_toggle}}\n    <button\n      class=\"faceted-search-more\"\n      role=\"button\"\n      data-additional-facets=\"{{facet}}\">\n      <span>{{lang 'sidebar_filters.show_more'}}</span>\n      <span class=\"hidden\">{{lang 'sidebar_filters.show_less'}}</span>\n    </button>\n  {{/if}}\n</div>","components/faceted-search/facets/range":"<form class=\"faceted-search-filter-list {{#if selected}}is-open{{/if}} {{#unless start_collapsed}}is-open{{/unless}}\" method=\"get\" data-faceted-search-range>\n  {{#each current_selected_items}}\n    <input type=\"hidden\" name=\"{{param_name}}\" value=\"{{param_value}}\"/>\n  {{/each}}\n\n  <div class=\"form-field faceted-search-range-min\">\n    <input\n      class=\"form-input\"\n      name=\"min_price\"\n      min=\"0\"\n      type=\"number\"\n      value=\"{{min_price}}\"\n      placeholder=\"{{lang 'sidebar_filters.min_price'}}\"\n      required\n    />\n  </div>\n\n  <div class=\"form-field faceted-search-range-max\">\n    <input\n      class=\"form-input\"\n      name=\"max_price\"\n      min=\"0\"\n      type=\"number\"\n      value=\"{{max_price}}\"\n      placeholder=\"{{lang 'sidebar_filters.max_price'}}\"\n      required\n    />\n  </div>\n\n  <div class=\"form-field form-button\">\n    <input class=\"button button-small button-primary\" type=\"submit\" value=\"{{lang 'sidebar_filters.update'}}\">\n  </div>\n\n</form>\n","components/faceted-search/facets/rating":"<ul class=\"faceted-search-filter-list {{#if selected}}is-open{{/if}} {{#unless start_collapsed}}is-open{{/unless}}\">\n  {{#each items}}\n    {{#unless selected}}\n      {{#if param_value}}\n        <li class=\"faceted-search-item\">\n          <a href=\"{{url}}\" data-faceted-search-facet rel=\"nofollow\">\n            <span class=\"icon {{#if selected}}icon-checked{{else}}icon-unchecked{{/if}}\"></span>\n\n            {{> components/common/rating rating=param_value}}\n\n            {{#if ../show_product_counts}}<span class=\"faceted-search-item-count\">({{count}})</span>{{/if}}\n          </a>\n        </li>\n      {{/if}}\n    {{/unless}}\n  {{/each}}\n</ul>\n","components/common/rating":"\n{{#for 1 5}}\n    <i class=\"rating-star {{#if ../rating '>=' $index}}icon-star{{else}}icon-star-empty{{/if}}\"></i>\n{{/for}}\n"}