{"core/amp/category/product-listing":"<ul class=\"amp-product-grid columns-{{catalog_columns}} alignment-{{info_alignment}}\">\n  {{#each category.products}}\n    <li class=\"amp-product-item\">\n      {{> core/amp/category/product-item\n        default=../default\n        show_rating=../settings.show_product_rating\n        as_low_as=../as_low_as\n        image_ratio=../image_ratio\n        image_cropping=../image_cropping\n      }}\n    </li>\n  {{/each}}\n</ul>\n\n{{> core/amp/common/pagination pagination.category}}\n","core/amp/category/product-item":"<article class=\"amp-grid-item amp-product-grid-item\">\n  {{#if price.saved}}\n    {{#unless out_of_stock_message}}\n      <div class=\"product-badge product-badge-sale\">\n        {{lang 'core.product.sale'}}\n      </div>\n    {{/unless}}\n  {{/if}}\n  {{#if out_of_stock_message}}\n    <div class=\"product-badge product-badge-sold-out\">\n      {{lang 'core.product.sold_out'}}\n    </div>\n  {{/if}}\n\n  <div class=\"amp-grid-item-image-container amp-image-{{ image_ratio }}\">\n    <a class=\"amp-grid-item-link\" href=\"{{url}}\">\n      <amp-img\n        class=\"amp-grid-item-image amp-{{ image_cropping }}\"\n        src=\"{{getImage image 'amp-product-image' (cdn default)}}\"\n        layout=\"fill\"\n        alt=\"{{img.alt}}\"\n      ></amp-img>\n    </a>\n  </div>\n\n  {{#all show_rating num_reviews}}\n    {{> core/amp/common/ratings rating=rating}}\n  {{/all}}\n\n  <h2 class=\"amp-grid-item-name\">\n    <a href=\"{{url}}\">{{name}}</a>\n  </h2>\n\n  {{> core/amp/common/price as_low_as=as_low_as}}\n</article>\n","core/amp/common/pagination":"{{!--\n  Pagination: Previous / Next buttons and a list of links to other pages.\n  @param this Object containing links, count, etc\n--}}\n\n{{#any previous links next}}\n  <nav class=\"pagination\">\n    {{#if previous}}\n      <a\n        class=\"pagination-item pagination-previous\"\n        href=\"{{previous}}\"\n        {{#unless reload}}\n          data-faceted-search-facet\n        {{/unless}}\n      >\n        <svg width=\"7\" height=\"12\" viewBox=\"0 0 7 12\" xmlns=\"http://www.w3.org/2000/svg\" role=\"presentation\">\n          <path d=\"M6.01 10.648l-.71.704L-.01 6 5.3.648l.71.704L1.4 6\" fill=\"currentColor\"/>\n        </svg>\n        <span class=\"sr-only\">\n          {{lang 'core.pagination.previous'}}\n        </span>\n      </a>\n    {{/if}}\n\n    {{#each links}}\n      <a\n        class=\"\n          pagination-item\n          {{#if number '==' ../current}}\n            pagination-current\n          {{/if}}\n        \"\n        href=\"{{url}}\"\n        {{#unless reload}}\n          data-faceted-search-facet\n        {{/unless}}\n      >\n        {{number}}\n      </a>\n    {{/each}}\n\n    {{#if next}}\n      <a\n        class=\"pagination-item pagination-next\"\n        href=\"{{next}}\"\n        {{#unless reload}}\n          data-faceted-search-facet\n        {{/unless}}\n      >\n        <svg width=\"7\" height=\"12\" viewBox=\"0 0 7 12\" xmlns=\"http://www.w3.org/2000/svg\" role=\"presentation\">\n          <path d=\"M.34 10.66l.71.703L6.364 6.01 1.05.66l-.71.703L4.955 6.01\" fill=\"currentColor\"/>\n        </svg>\n        <span class=\"sr-only\">\n          {{lang 'core.pagination.next'}}\n        </span>\n      </a>\n    {{/if}}\n  </nav>\n{{/any}}\n","core/amp/common/ratings":"{{!--\n  Display rating as series of stars\n\n  @param rating\n    The Rating value to display.\n--}}\n\n<div\n  class=\"rating-stars amp-rating-stars\"\n  aria-label=\"{{lang 'product.reviews.rating_stars' rating=rating}}\"\n>\n  {{#for 1 5}}\n    {{#if ../rating '>=' $index}}\n      <svg\n        class=\"icon-star-full\"\n        width=\"15\"\n        height=\"14\"\n        viewBox=\"0 0 15 14\"\n        xmlns=\"http://www.w3.org/2000/svg\"\n        role=\"presentation\"\n      >\n        <path d=\"M7.083 11.374l4.38 2.302-.837-4.876 3.543-3.454-4.898-.71L7.082.197l-2.19 4.437-4.895.71L3.54 8.8l-.837 4.876\" fill-rule=\"nonzero\" fill=\"currentColor\"/>\n      </svg>\n    {{else}}\n      <svg\n        width=\"15\"\n        height=\"14\"\n        viewBox=\"0 0 15 14\"\n        xmlns=\"http://www.w3.org/2000/svg\"\n        role=\"presentation\"\n      >\n        <path d=\"M7.083 10.12l3.14 1.65-.6-3.497 2.542-2.477-3.512-.51-1.57-3.183-1.57 3.183L2 5.796l2.542 2.477-.6 3.497 3.14-1.65zm0 1.05l-4.378 2.302.836-4.874L0 5.146l4.894-.71L7.084 0 9.27 4.435l4.895.71-3.54 3.453.835 4.874-4.377-2.3z\" fill-rule=\"nonzero\" fill=\"currentColor\"/>\n      </svg>\n    {{/if}}\n  {{/for}}\n</div>\n","core/amp/common/price":"{{!\n  Product Price - Sale vs Normal, With Tax vs Without\n\n  @param this price object\n\n  @param show_savings bool (optional)\n         If true, show a label saying how much is saved from the full price.\n}}\n\n{{#if price}}\n  {{#or has_options product.options.length}}\n    <span\n      class=\"price {{> core/amp/common/price-class}}\"\n      {{#if schema}}\n        itemprop=\"offers\"\n        itemscope\n        itemtype=\"http://schema.org/Offer\"\n      {{/if}}\n    >\n      {{#if price.with_tax}}\n        <span class=\"price-withtax\" data-price=\"with-tax\">\n          {{#if page_type '!==' 'product'}}\n            {{#if as_low_as}}\n              <span class=\"as-low-as-pricing\">{{lang 'core.price.as_low_as'}}</span>\n            {{/if}}\n          {{/if}}\n          {{#if price.rrp_with_tax}}\n            <span class=\"price-rrp\" data-price-rrp=\"with-tax\">{{price.rrp_with_tax.formatted}}</span>\n          {{/if}}\n          <span class=\"price-value\" data-price-value=\"with-tax\">\n            {{price.with_tax.formatted}}\n          </span>\n          {{#if price.without_tax}}\n            <span class=\"price-tax-label\">{{lang 'core.price.with_tax' tax_label=price.tax_label}}</span>\n          {{/if}}\n        </span>\n      {{/if}}\n\n      {{#if price.without_tax}}\n        <span class=\"price-withouttax\" data-price=\"without-tax\">\n          {{#if page_type '!==' 'product'}}\n            {{#if as_low_as}}\n              <span class=\"as-low-as-pricing\">{{lang 'core.price.from'}}</span>\n            {{/if}}\n          {{/if}}\n          {{#if price.rrp_without_tax}}\n            <span class=\"price-rrp\" data-price-rrp=\"without-tax\">{{price.rrp_without_tax.formatted}}</span>\n          {{/if}}\n          <span class=\"price-value\" data-price-value=\"without-tax\">\n            {{price.without_tax.formatted}}\n          </span>\n          {{#if price.with_tax}}\n            <span class=\"price-tax-label\">{{lang 'core.price.without_tax' tax_label=price.tax_label}}</span>\n          {{/if}}\n        </span>\n      {{/if}}\n\n      {{#if show_saved}}\n        {{#if price.saved}}\n          <span class=\"price-saved\" data-price-saved>\n            {{lang 'core.price.you_save'}} {{price.saved.formatted}}\n          </span>\n        {{/if}}\n      {{/if}}\n    </span>\n  {{else}}\n    <span\n      class=\"price {{> core/amp/common/price-class}}\"\n      {{#if schema}}\n        itemprop=\"offers\"\n        itemscope\n        itemtype=\"http://schema.org/Offer\"\n      {{/if}}\n    >\n      {{#if price.with_tax}}\n        <span class=\"price-withtax\" data-price=\"with-tax\">\n          {{#if price.rrp_with_tax}}\n            <span class=\"price-rrp\" data-price-rrp=\"with-tax\">{{price.rrp_with_tax.formatted}}</span>\n          {{/if}}\n          <span class=\"price-value\" data-price-value=\"with-tax\">\n            {{price.with_tax.formatted}}\n          </span>\n          {{#if price.without_tax}}\n            <span class=\"price-tax-label\">{{lang 'core.price.with_tax' tax_label=price.tax_label}}</span>\n          {{/if}}\n        </span>\n      {{/if}}\n\n      {{#if price.without_tax}}\n        <span class=\"price-withouttax\" data-price=\"without-tax\">\n          {{#if price.rrp_without_tax}}\n            <span class=\"price-rrp\" data-price-rrp=\"without-tax\">{{price.rrp_without_tax.formatted}}</span>\n          {{/if}}\n          <span class=\"price-value\" data-price-value=\"without-tax\">\n            {{price.without_tax.formatted}}\n          </span>\n          {{#if price.with_tax}}\n            <span class=\"price-tax-label\">{{lang 'core.price.without_tax' tax_label=price.tax_label}}</span>\n          {{/if}}\n        </span>\n      {{/if}}\n\n      {{#if show_saved}}\n        {{#if price.saved}}\n          <span class=\"price-saved\" data-price-saved>\n            {{lang 'core.price.you_save' amount=price.saved.formatted}}\n          </span>\n        {{/if}}\n      {{/if}}\n    </span>\n  {{/or}}\n{{/if}}\n","core/amp/common/price-class":"{{#if price.with_tax}}\n  {{#unless price.without_tax}}\n    {{#if price.rrp_with_tax}}\n      prices-taxed-onsale\n    {{else}}\n      prices-taxed\n    {{/if}}\n  {{/unless}}\n{{/if}}\n{{#if price.without_tax}}\n  {{#unless price.with_tax}}\n    {{#if price.rrp_without_tax}}\n      prices-notax-onsale\n    {{else}}\n      prices-notax\n    {{/if}}\n  {{/unless}}\n{{/if}}\n{{#if price.with_tax}}\n  {{#if price.without_tax}}\n    {{#if price.rrp_with_tax}}\n      prices-both-onsale\n    {{else}}\n      prices-both\n    {{/if}}\n  {{/if}}\n{{/if}}\n"}