{"pages/category":"---\nbrands: true\ncart: true\ncategory:\n  products:\n    limit: {{theme_settings.product-results-per-page}}\n  shop_by_price: true\n---\n\n{{#partial \"page\"}}\n\n{{#if category.image}}\n  {{> components/collection-banner\n    category.image\n  }}\n{{/if}}\n\n{{> components/common/page-header\n  list=breadcrumbs\n  page_title=category.name\n  description=category.description\n}}\n\n<section\n  class=\"\n    collection-container\n    layout-module\n    {{#if category.products}}\n      {{#if category.faceted_search_enabled}}\n        has-sidebar\n      {{/if}}\n    {{/if}}\n  \"\n>\n\n  {{#if category.products}}\n    {{#if category.faceted_search_enabled}}\n      <aside class=\"collection-sidebar\">\n        {{> components/category/sidebar}}\n      </aside>\n    {{/if}}\n  {{/if}}\n\n  <section\n    class=\"\n      collection-wrapper\n      {{#if category.faceted_search_enabled}}\n        layout-grid-of-3\n      {{else}}\n        layout-grid-of-4\n      {{/if}}\n    \"\n  >\n\n    {{{snippet 'categories'}}}\n\n    {{#if category.products}}\n\n      {{#if theme_settings.product-grid-layout '===' \"classic-grid\"}}\n        <div class=\"collection-wrapper-sorting\">\n          {{> components/common/sort sort=pagination.collection.sort}}\n        </div>\n      {{/if}}\n\n      <form\n        class=\"\n          product-grid-container\n          {{#if theme_settings.product-grid-layout '===' \"masonry-grid\"}}\n            grid-masonry\n          {{else}}\n            grid-classic\n          {{/if}}\n        \"\n        action=\"/compare\"\n        method=\"POST\"\n        data-product-compare\n      >\n        {{> components/category/product-listing}}\n      </form>\n    {{else}}\n    <p class=\"collection-empty\">\n      {{lang 'category.empty'}}\n    </p>\n    {{/if}}\n\n  </section>\n\n</section>\n\n{{/partial}}\n\n{{> layout/base}}\n","components/collection-banner":"\n<section class=\"collection-banner\">\n  <figure class=\"collection-banner-item\" style=\"background-image:url('{{getImage this '1500x360'}}')\">\n    <span class=\"sr-only\">\n      <img src=\"{{getImage this '1500x360'}}\" alt=\"{{this.alt}}\">\n    </span>\n  </figure>\n</section>\n","components/common/page-header":"{{!\n  @param page_type - value to test against for conditional displays\n  @param list - list of breadcrumbs\n  @param description - should only be passed through on categories\n}}\n\n<div class=\"container page-header\">\n  <header class=\"layout-module\">\n    <h1 class=\"page-title\">\n      {{#compare page_type 'search' operator='==='}}\n        {{#unless page_title}}\n            {{lang 'search.label'}}\n        {{else}}\n          {{lang 'search.results.label' query=page_title}}\n        {{/unless}}\n      {{else}}\n        {{limit page_title 200}}{{#if page_title.length '>' 200}}&hellip;{{/if}}\n      {{/compare}}\n    </h1>\n    {{#compare page_type 'product' operator='==='}}\n      {{> components/common/breadcrumbs list=breadcrumbs hide_last='true'}}\n    {{else}}\n      {{> components/common/breadcrumbs list=breadcrumbs}}\n    {{/compare}}\n  </header>\n\n  {{#if description}}\n  <div class=\"layout-module collection-description rte\">\n    {{{category.description}}}\n  </div>\n  {{/if}}\n</div>\n","components/category/sidebar":"\n<div class=\"faceted-search\">\n  {{!> components/brand/sort-filter sort=pagination.category.sort}}\n\n  {{#if category.faceted_search_enabled}}\n    {{#each category.facets}}\n      {{#if partial '!==' 'range'}}\n        {{> components/faceted-search/facets-base}}\n      {{else}}\n        {{> components/faceted-search/facets-base}}\n      {{/if}}\n    {{/each}}\n  {{/if}}\n</div>\n","components/common/sort":"<form method=\"get\" data-sort-by>\n  <div class=\"form-field form-field-product-sort form-field-select\">\n    <label class=\"form-label\">\n      <span class=\"form-field-title\">\n        {{lang 'sorter.sort_by'}}\n      </span>\n      <span class=\"form-field-control\">\n        <span class=\"form-select-wrapper\">\n          <select class=\"form-input form-select\" name=\"sort\">\n            {{#if result_count}}\n              <option value=\"featured\" {{#if pagination.sort '===' 'relevance'}}checked{{/if}}>\n                {{lang 'sorter.relevance'}}\n              </option>\n            {{/if}}\n            <option value=\"featured\" {{#if pagination.sort '===' 'featured'}}selected{{/if}}>{{lang 'sorter.featured'}}</option>\n            <option value=\"newest\" {{#if pagination.sort '===' 'newest'}}selected{{/if}}>{{lang 'sorter.newest'}}</option>\n            <option value=\"bestselling\" {{#if pagination.sort '===' 'bestselling'}}selected{{/if}}>{{lang 'sorter.top_sellers'}}</option>\n            <option value=\"alphaasc\" {{#if pagination.sort '===' 'alphaasc'}}selected{{/if}}>{{lang 'sorter.alpha_asc'}}</option>\n            <option value=\"alphadesc\" {{#if pagination.sort '===' 'alphadesc'}}selected{{/if}}>{{lang 'sorter.alpha_desc'}}</option>\n            <option value=\"avgcustomerreview\" {{#if pagination.sort '===' 'avgcustomerreview'}}selected{{/if}}>{{lang 'sorter.reviews'}}</option>\n            <option value=\"priceasc\" {{#if pagination.sort '===' 'priceasc'}}selected{{/if}}>{{lang 'sorter.price_asc'}}</option>\n            <option value=\"pricedesc\" {{#if pagination.sort '===' 'pricedesc'}}selected{{/if}}>{{lang 'sorter.price_desc'}}</option>\n          </select>\n        </span>\n      </span>\n    </label>\n  </div>\n</form>\n","components/category/product-listing":"<div class=\"layout-grid-sizer\"></div>\n<div class=\"layout-grid-gutter\"></div>\n\n{{#each category.products}}\n  {{> components/products/product-item\n    show_compare=../category.show_compare\n    show_quick_shop=../theme_settings.show_quick_shop\n    default_image=../theme_settings.default_image\n  }}\n{{/each}}\n\n{{#for 1 3}}\n  <div class=\"product-item-empty\"></div>\n{{/for}}\n\n{{> components/common/pagination\n  pagination.category\n  is_grid=true\n}}\n","layout/base":"<!doctype html>\n<!--[if IE 9 ]><html class=\"no-js ie9 lt-ie10\" lang=\"{{ locale_name }}\"><![endif]-->\n<!--[if (gt IE 9)|!(IE)]><!--><html class=\"no-js\" lang=\"{{ locale_name }}\"><!--<![endif]-->\n<head>\n\n  <title>{{head.title}}</title>\n\n  {{{head.meta_tags}}}\n  {{{head.config}}}\n\n  <link href=\"{{head.favicon}}\" rel=\"shortcut icon\">\n  <meta name=\"viewport\" content=\"width=device-width, initial-scale=1, maximum-scale=1\">\n  <meta http-equiv=\"X-UA-Compatible\" content=\"ie=edge\" />\n  {{{stylesheet '/assets/css/theme.css'}}}\n  {{ getFontsCollection }}\n\n  {{{head.scripts}}}\n  {{{head.rsslinks}}}\n\n  {{> components/common/global-injects}}\n\n  {{{snippet 'html_head'}}}\n\n  {{> core/structured-data/website}}\n</head>\n\n<body\n  class=\"{{> components/common/body-class}}\"\n  data-layout=\"{{theme_settings.product-grid-layout}}\"\n>\n\n  {{#if page_type '===' 'product'}}\n    {{> components/common/facebook-like}}\n  {{else if page_type '===' 'blog_post'}}\n    {{> components/common/facebook-like}}\n  {{/if}}\n\n  {{{snippet 'header'}}}\n\n  {{> components/header}}\n\n  <main class=\"main-content\">\n    {{#if template_file \"!==\" \"pages/home\"}}\n      {{> components/common/banners banners=banners.top type='top'}}\n    {{/if}}\n\n    {{#block \"page\"}}{{/block}}\n\n    {{> components/common/banners banners=banners.bottom type='bottom'}}\n  </main>\n\n  {{> components/navigation-header}}\n  {{> components/footer}}\n  {{> components/footer-modals}}\n\n  {{> core/structured-data/breadcrumbs}}\n\n  <script src=\"{{cdn '/assets/js/bundle.js'}}\"></script>\n  <script>\n    // Exported in app.js\n    window.stencilBootstrap(\"{{template_file}}\", {{jsContext}}).load();\n  </script>\n  {{{footer.scripts}}}\n\n  {{{snippet 'footer'}}}\n  </body>\n</html>\n","components/common/breadcrumbs":"<ol class=\"page-title-breadcrumbs\">\n\n  {{#if this.hide_last}}\n    {{#each this.list}}\n      {{#unless @last}}\n        {{> components/common/breadcrumbs-partial this}}\n      {{/unless}}\n    {{/each}}\n  {{else}}\n    {{#each this.list}}\n      {{> components/common/breadcrumbs-partial this}}\n    {{/each}}\n  {{/if}}\n\n</ol>\n","components/faceted-search/facets-base":"\n<div class=\"faceted-search-filter filter-type-{{type}}\">\n\n  <h3 class=\"sidebar-title\">\n    {{title}}\n\n    {{#if remove_url}}\n      <a\n        class=\"faceted-search-remove\"\n        href=\"{{remove_url}}\"\n        data-faceted-search-facet\n        rel=\"nofollow\">\n        {{lang 'sidebar_filters.clear_filters'}}\n      </a>\n    {{/if}}\n\n    {{#unless selected}}\n      {{#if start_collapsed}}\n        <span class=\"faceted-search-toggle\">&#43;</span>\n      {{else}}\n        <span class=\"faceted-search-toggle is-open\" data-default-visible>&ndash;</span>\n      {{/if}}\n    {{/unless}}\n  </h3>\n\n  {{{dynamicComponent 'components/faceted-search/facets'}}}\n</div>\n","components/products/product-item":"<article\n  class=\"\n    layout-grid-item\n    product-item\n    {{#if show_large_first}}\n      {{#if index '===' 0}}\n        grid-span-2\n      {{/if}}\n    {{/if}}\n  \"\n>\n  <figure class=\"product-item-thumbnail\">\n    <a href=\"{{{url}}}\" title=\"{{name}}\" class=\"product-item-link\">\n      {{#compare index 0 operator='==='}}\n        {{#if show_large_first}}\n          <img\n            src=\"{{getImage image '600x1200' (cdn default_image)}}\"\n            alt=\"{{image.alt}}\"\n          >\n        {{else}}\n          <img\n            src=\"{{getImage image '300x600' (cdn default_image)}}\"\n            alt=\"{{image.alt}}\"\n          >\n        {{/if}}\n      {{else}}\n        <img\n          src=\"{{getImage image '300x600' (cdn default_image)}}\"\n          alt=\"{{image.alt}}\"\n        >\n      {{/compare}}\n    </a>\n\n    <div class=\"product-item-badges\">\n      {{#unless out_of_stock_message}}\n        {{#if price.saved}}\n          <div class=\"product-item-sale-tag\">\n            {{lang 'product.product_item_actions.sale'}}\n          </div>\n        {{/if}}\n      {{else}}\n        <div class=\"product-item-out-of-stock\">\n          {{lang 'product.product_item_actions.sold_out'}}\n        </div>\n      {{/unless}}\n    </div>\n\n    <ul class=\"product-item-actions\">\n      {{#if show_quick_shop}}\n        <li>\n          <span\n            class=\"product-item-action quick-shop-trigger\"\n            data-product-id=\"{{id}}\"\n          >\n            {{lang 'product.quick_view'}}\n          </span>\n        </li>\n      {{/if}}\n\n      <li>\n        {{#if has_options}}\n          <a href=\"{{url}}\">\n            <span class=\"product-item-action\">\n              {{lang 'product.choose_options'}}\n            </span>\n          </a>\n        {{else}}\n          {{#if add_to_cart_url}}\n            <a\n              href=\"{{add_to_cart_url}}\"\n              data-product-add-to-cart\n              data-product-id=\"{{id}}\"\n              data-product-title=\"{{name}}\"\n              data-progress-text=\"{{lang 'product.add_to_cart_progress'}}\"\n            >\n              <span class=\"button-text product-item-action\">\n                {{#if pre_order}}\n                  {{lang 'product.pre_order'}}\n                {{else}}\n                  {{lang 'product.add_to_cart'}}\n                {{/if}}\n              </span>\n            </a>\n          {{else}}\n            <a href=\"{{url}}\">\n              <span class=\"product-item-action \">\n                {{#if out_of_stock_message}}\n                  {{lang 'product.sold_out'}}\n                {{else}}\n                  {{lang 'product.view_full_details'}}\n                {{/if}}\n              </span>\n            </a>\n          {{/if}}\n        {{/if}}\n      </li>\n\n      {{#if show_compare}}\n        <li>\n          <label for=\"compare-{{id}}\">\n            <input\n              class=\"input-checkbox product-item-compare\"\n              type=\"checkbox\"\n              name=\"products[]\"\n              value=\"{{id}}\"\n              id=\"compare-{{id}}\"\n            >\n              <span class=\"product-item-action\">\n                {{lang \"product.compare\"}}\n              </span>\n          </label>\n        </li>\n      {{/if}}\n    </ul>\n  </figure>\n\n  <div class=\"product-item-details\">\n    {{#if brand.name}}\n      <span class=\"product-item-brand\">{{brand.name}}</span>\n    {{/if}}\n\n    <h3 class=\"product-item-title\">\n      <a href=\"{{{url}}}\">{{name}}</a>\n    </h3>\n\n    <div class=\"product-item-price\">\n      {{> core/products/price save_block=false}}\n    </div>\n  </div>\n</article>\n","components/common/pagination":"<div class=\"pagination-container{{#if is_grid}} layout-grid-item{{/if}}\">\n  <ul class=\"pagination-list\">\n\n    {{#if previous}}\n      <li class=\"pagination-item previous\">\n        <a class=\"pagination-link\" href=\"{{previous}}\">\n          <i class=\"icon-arrow-left\"></i>\n          {{lang 'common.previous'}}\n        </a>\n      </li>\n    {{/if}}\n\n    {{#if next}}\n      <li class=\"pagination-item next\">\n        <a class=\"pagination-link\" href=\"{{next}}\">\n          <i class=\"icon-arrow-right \"></i>\n          {{lang 'common.next'}}\n        </a>\n      </li>\n    {{/if}}\n\n  </ul>\n</div>\n","components/common/global-injects":"{{! Theme Settings}}\n{{inject 'themeImageSizes' theme_images}}\n{{inject 'breakPoints' theme_settings.screen-sizes}}\n{{inject 'productsPerPage' theme_settings.product-results-per-page}}\n{{inject 'disableProductAjax' theme_settings.product-purchase-disable-ajax}}\n{{inject 'cartUrl' urls.cart}}\n\n{{! Carousel Settings}}\n{{inject 'carouselDelay' carousel.swap_frequency}}\n\n{{! Compare Messages}}\n{{inject 'compareCompareProducts' (lang 'compare.compare_submit')}}\n{{inject 'compareClearSelection' (lang 'compare.clear_compare')}}\n\n{{! Product Messages}}\n{{inject 'homeLink' urls.home}}\n{{inject 'continueShopping' (lang 'product.continue_shopping')}}\n{{inject 'urlsCart' urls.cart}}\n{{inject 'urlsCheckout' urls.checkout.single_address}}\n{{inject 'messagesCartLink' (lang 'product.cart_link')}}\n{{inject 'messagesCartQuantityError' (lang 'product.error_message_quantity')}}\n{{inject 'messagesCheckoutLink' (lang 'product.checkout_link')}}\n{{inject 'messagesProductGeneral' (lang 'product.error_message_general')}}\n{{inject 'messagesProductAddSuccess' (lang 'product.success')}}\n{{inject 'messagesProductAddSuccessAlert' (lang 'product.success_alert')}}\n{{inject 'productOutOfStock' (lang 'product.error_message_stock')}}\n{{inject 'productAddToCart' (lang 'product.add_to_cart')}}\n{{inject 'productPreOrder' (lang 'product.pre_order')}}\n{{inject 'productSoldOut' (lang 'product.sold_out')}}\n{{inject 'productYouSave' (lang 'core.price.you_save' amount='{amount}')}}\n{{inject 'productIncludingTax' (lang 'product.including_tax')}}\n{{inject 'productExcludingTax' (lang 'product.excluding_tax')}}\n{{inject 'productPreviewVariation' (lang 'product.preview_variation')}}\n{{inject 'productOptionUnavailable' (lang 'product.option_unavailable')}}\n\n{{! Form Validation Messages}}\n{{inject 'validationRequired' (lang 'forms.validation.required')}}\n{{inject 'validationEmail' (lang 'forms.validation.email')}}\n{{inject 'validationNumber' (lang 'forms.validation.number')}}\n{{inject 'validationNumMax' (lang 'forms.validation.num_max')}}\n{{inject 'validationNumMin' (lang 'forms.validation.num_min')}}\n{{inject 'validationNumRange' (lang 'forms.validation.num_range')}}\n{{inject 'validationMaxLength' (lang 'forms.validation.max_length')}}\n{{inject 'validationMinLength' (lang 'forms.validation.min_length')}}\n{{inject 'validationMaxChecked' (lang 'forms.validation.max_checked')}}\n{{inject 'validationMinChecked' (lang 'forms.validation.min_checked')}}\n{{inject 'validationMaxSelected' (lang 'forms.validation.max_selected')}}\n{{inject 'validationMinSelected' (lang 'forms.validation.min_selected')}}\n{{inject 'validationNotEqual' (lang 'forms.validation.not_equal')}}\n{{inject 'validationDifferent' (lang 'forms.validation.different')}}\n\n{{inject 'showMore' (lang 'sidebar_filters.show_more')}}\n{{inject 'hideMore' (lang 'sidebar_filters.hide_more')}}\n\n{{!-- Image Zoom --}}\n{{inject 'zoomClose' (lang 'core.product.zoom.close')}}\n{{inject 'zoomShare' (lang 'core.product.zoom.share')}}\n{{inject 'zoomFullscreen' (lang 'core.product.zoom.fullscreen')}}\n{{inject 'zoomAction' (lang 'core.product.zoom.zoom_action')}}\n{{inject 'zoomPrevious' (lang 'core.product.zoom.previous')}}\n{{inject 'zoomNext' (lang 'core.product.zoom.next')}}\n","core/structured-data/website":"{{!-- Website: include in base.html --}}\n\n<script type=\"application/ld+json\">\n  {\n    \"@context\": \"http://schema.org\",\n    \"@type\": \"WebSite\",\n    \"name\": \"{{settings.store_name}}\",\n    \"url\": \"{{urls.home}}\"\n  }\n</script>","components/common/body-class":"template-{{page_type}}\nmain-nav-closed\n{{#if carousel.slides}}has-carousel{{else}}no-carousel{{/if}}\n{{#if theme_settings.enable-carousel-border}}carousel-border{{/if}}\n{{#if theme_settings.product-slider-isolate-images}}isolate-product-slider-images{{/if}}\n{{#unless in_production}} dev-environment{{/unless}}\n","components/common/facebook-like":"\n{{#if settings.add_this}}\n {{#each settings.add_this.buttons}}\n   {{#if service '===' 'facebook_like'}}\n     <div id=\"fb-root\"></div>\n     <script>(function(d, s, id) {\n       var js, fjs = d.getElementsByTagName(s)[0];\n       if (d.getElementById(id)) return;\n       js = d.createElement(s); js.id = id;\n       js.src = \"//connect.facebook.net/en_US/sdk.js#xfbml=1&version=v2.5\";\n       fjs.parentNode.insertBefore(js, fjs);\n     }(document, 'script', 'facebook-jssdk'));</script>\n   {{/if}}\n {{/each}}\n{{/if}}\n","components/header":"\n<header class=\"main-header\">\n  <div class=\"layout-module header-container\">\n    <div class=\"header-branding\">\n      <a class=\"header-logo\" href=\"{{urls.home}}\">\n        {{#if settings.store_logo.image.data}}\n          <img class=\"header-logo-image visible\" src=\"{{getImage settings.store_logo.image 'logo'}}\" alt=\"{{settings.store_logo.image.alt}}\">\n        {{/if}}\n        <span class=\"header-logo-text {{#unless settings.store_logo.image.data}}visible no-image{{/unless}}\">\n          {{settings.store_logo.title}}\n        </span>\n      </a>\n    </div>\n\n    <div class=\"header-navigation\">\n      <button class=\"navigation-toggle-mobile-wrapper\" data-mobile-menu-button>\n        <span class=\"navigation-toggle-mobile\" data-mobile-menu-toggle></span>\n      </button>\n\n      {{> components/header-menu}}\n    </div>\n  </div>\n</header>\n","components/common/banners":"{{#if banners}}\n  <div class=\"outer-banner-wrapper {{type}}-banner\">\n    <div class=\"layout-module rte\">\n      {{{limit banners 1}}}\n    </div>\n  </div>\n{{/if}}\n","components/navigation-header":"\n<section class=\"navigation-wrap\" data-slideout-wrapper>\n  <ul class=\"navigation-tier navigation-tier-secondary\" id=\"header-pane-category\">\n    {{#each categories}}\n      <li class=\"header-navigation-item{{#if children}} has-dropdown{{/if}}\">\n        <a href=\"{{url}}\">{{name}}</a>\n        {{#if children}}\n          <ul class=\"navigation-tier navigation-tier-tertiary\">\n            {{#unless ../../theme_settings.hide-parent-menu-items}}\n              <li class=\"header-navigation-item\">\n                <a href=\"{{url}}\">{{lang 'common.header.view_all' name=name}}</a>\n              </li>\n            {{/unless}}\n\n            {{#each children}}\n              <li class=\"header-navigation-item{{#if children}} has-dropdown{{/if}}\">\n                <a href=\"{{url}}\">{{name}}</a>\n\n                {{#if children}}\n                  <ul class=\"navigation-tier navigation-tier-quaternary\">\n                    {{#unless ../../../../theme_settings.hide-parent-menu-items}}\n                      <li class=\"header-navigation-item\">\n                        <a href=\"{{url}}\">{{lang 'common.header.view_all' name=name}}</a>\n                      </li>\n                    {{/unless}}\n\n                    {{#each children}}\n                      <li class=\"header-navigation-item\">\n                        <a href=\"{{url}}\">{{name}}</a>\n                      </li>\n                    {{/each}}\n                  </ul>\n                {{/if}}\n              </li>\n            {{/each}}\n          </ul>\n        {{/if}}\n      </li>\n    {{/each}}\n  </ul>\n\n  {{#if shop_by_brand}}\n    <ul class=\"navigation-tier navigation-tier-secondary\" id=\"header-pane-brand\">\n      {{#each (limit shop_by_brand 10)}}\n        <li class=\"header-navigation-item\">\n          <a href=\"{{url}}\">{{name}}</a>\n        </li>\n      {{/each}}\n\n      {{#if shop_by_brand.length '>' 10}}\n        <li class=\"header-navigation-item header-navigation-separation\">\n          <a href=\"{{urls.brands}}\">{{lang 'brands.view_brands'}}</a>\n        </li>\n      {{/if}}\n    </ul>\n  {{/if}}\n\n  {{#if pages}}\n    <ul class=\"navigation-tier navigation-tier-secondary\" id=\"header-pane-pages\">\n      {{#each pages}}\n        <li class=\"header-navigation-item{{#if children}} has-dropdown{{/if}}\">\n          <a href=\"{{url}}\">{{name}}</a>\n          {{#if children}}\n            <ul class=\"navigation-tier navigation-tier-tertiary\">\n              {{#each children}}\n                <li class=\"header-navigation-item{{#if children}} has-dropdown{{/if}}\">\n                  <a href=\"{{url}}\">{{name}}</a>\n\n                  {{#if children}}\n                    <ul class=\"navigation-tier navigation-tier-quaternary\">\n                      {{#unless ../../theme_settings.hide-parent-menu-items}}\n                        <li class=\"header-navigation-item\">\n                          <a href=\"{{url}}\">{{lang 'common.header.view' name=name}}</a>\n                        </li>\n                      {{/unless}}\n\n                      {{#each children}}\n                        <li class=\"header-navigation-item\">\n                          <a href=\"{{url}}\">{{name}}</a>\n                        </li>\n                      {{/each}}\n                    </ul>\n                  {{/if}}\n                </li>\n              {{/each}}\n            </ul>\n          {{/if}}\n        </li>\n      {{/each}}\n    </ul>\n  {{/if}}\n\n  <div class=\"navigation-tier navigation-tier-secondary\" id=\"header-cart-pane\">\n    <div class=\"form-field\">\n      <label class=\"quick-cart-currency form-label\" for=\"quick_cart_currency_change\">\n      <span class=\"quick-cart-change-currency form-label-text\">\n        {{lang 'common.currency_converter'}}\n        {{#if currency_selector.currencies.length '>' 1}}\n          <select class=\"quick-cart-currency-selector currency-switcher\" name=\"quick_cart_currency_change\" id=\"quick_cart_currency_change\">\n            {{#each currency_selector.currencies}}\n              <option value=\"{{{switch_url}}}\" {{#if is_active}}selected{{/if}}>\n                {{name}}\n              </option>\n            {{/each}}\n          </select>\n        {{else}}\n          {{{currency_selector.active_currency_name}}}\n        {{/if}}\n      </span>\n      </label>\n    </div>\n\n    {{> components/cart/quick-cart}}\n  </div>\n</section>\n","components/footer":"<footer class=\"main-footer\">\n\n  <div class=\"container footer-interactions\">\n    <div class=\"layout-module\">\n      <div class=\"footer-navigation footer-navigation-list-item\">\n        {{> components/navigation-footer}}\n      </div>\n\n      {{#if social_media}}\n        <div class=\"footer-social-media footer-navigation-list-item\">\n          <ul>\n            {{#each social_media}}\n            <li class=\"footer-icons\">\n              {{#compare display_name 'google+' operator='==='}}\n                <a href=\"{{url}}\" class=\"google\">\n                  <i class=\"icon-google\"></i>\n                </a>\n              {{else}}\n                <a href=\"{{url}}\" class=\"{{display_name}}\">\n                  <i class=\"icon-{{display_name}}\"></i>\n                </a>\n              {{/compare}}\n            </li>\n            {{/each}}\n          </ul>\n        </div>\n      {{/if}}\n    </div>\n  </div>\n  <div class=\"layout-module\">\n    <div class=\"footer-content\">\n      {{#if settings.show_newsletter_box}}\n        <div class=\"footer-content-column mailing-list-wrapper\">\n          {{> components/common/mailing-list location=\"footer-module\"}}\n        </div>\n      {{/if}}\n\n      <div class=\"footer-content-column\">\n        {{! TODO: When custom blocks come in to play, allow a custom block to be shown here }}\n        {{#if settings.address}}\n          <address class=\"footer-contact-address\">{{nl2br settings.address}}</address>\n        {{/if}}\n\n        {{#if settings.phone_number.length}}\n          <p class=\"footer-contact-phone\">{{settings.phone_number}}</p>\n        {{/if}}\n      </div>\n    </div>\n\n    <div class=\"footer-quick-links\">\n      {{#if settings.account_creation_enabled}}\n        <ul class=\"footer-account-links\">\n          {{#if customer}}\n            <li>\n              <a href=\"{{urls.account.index}}\">{{lang 'account_general.your_account'}}</a>\n            </li>\n            <li>\n              <a href=\"{{urls.auth.logout}}\">{{lang 'account_general.log_out'}}</a>\n            </li>\n          {{else}}\n            <li>\n              <a href=\"{{urls.auth.login}}\">{{lang 'account_general.log_in'}}</a>\n            </li>\n            <li>\n              <a href=\"{{urls.auth.create_account}}\">{{lang 'account_general.sign_up'}}</a>\n            </li>\n          {{/if}}\n        </ul>\n      {{/if}}\n\n      <ul class=\"footer-page-links\">\n        {{! TODO: Any other static links? }}\n        {{#if settings.gift_certificates_enabled}}\n          <li><a href=\"{{urls.gift_certificate.purchase}}\">{{lang 'gift_certificate.heading'}}</a></li>\n        {{/if}}\n        <li><a href=\"{{urls.sitemap}}\">{{lang 'sitemap.heading'}}</a></li>\n      </ul>\n\n      <ul class=\"footer-payment-icons\">\n        {{#if theme_settings.payment-visa}}\n          <li>\n            <span class=\"payment-icon\"><i class=\"icon-payment-visa\"></i></span>\n          </li>\n        {{/if}}\n\n        {{#if theme_settings.payment-mastercard}}\n          <li>\n            <span class=\"payment-icon\"><i class=\"icon-payment-mastercard\"></i></span>\n          </li>\n        {{/if}}\n\n        {{#if theme_settings.payment-american-express}}\n          <li>\n            <span class=\"payment-icon\"><i class=\"icon-payment-american-express\"></i></span>\n          </li>\n        {{/if}}\n\n        {{#if theme_settings.payment-discover}}\n          <li>\n            <span class=\"payment-icon\"><i class=\"icon-payment-discover\"></i></span>\n          </li>\n        {{/if}}\n\n        {{#if theme_settings.payment-paypal}}\n          <li>\n            <span class=\"payment-icon\"><i class=\"icon-payment-paypal\"></i></span>\n          </li>\n        {{/if}}\n\n        {{#if theme_settings.payment-apple-pay}}\n          <li>\n            <span class=\"payment-icon\"><i class=\"icon-payment-apple-pay\"></i></span>\n          </li>\n        {{/if}}\n      </ul>\n\n      {{#if theme_settings.geotrust-ssl-common-name}}\n        {{> core/geotrust-ssl-seal}}\n      {{/if}}\n    </div>\n  </div>\n\n  <div class=\"layout-module\">\n    <p class=\"copyright\" role=\"contentinfo\">&copy; <script>document.write(new Date().getFullYear())</script> <a href=\"{{settings.base_url}}\">{{settings.store_name}}</a></p>\n    {{#if theme_settings.theme-credits}}\n      <p class=\"footer-attribution\">\n        {{{lang 'footer.theme_attribution'\n          theme_name='Fortune'\n          developed='<a href=\"http://pixelunion.net\" target=\"_blank\">Pixel Union</a>'\n          powered_by='<a href=\"https://www.bigcommerce.com/\" target=\"_blank\" rel=\"nofollow\">BigCommerce</a>'\n        }}}\n      </p>\n    {{/if}}\n  </div>\n</footer>\n","components/footer-modals":"<div class=\"navigation-overlay\"></div>\n<div class=\"error-message-modal\"></div>\n\n<div class=\"search-overlay\">\n\n  {{{snippet 'forms_search'}}}\n\n  <form class=\"search-overlay-form\" id=\"modal-search\" action=\"{{urls.search}}\">\n    <div class=\"form-field-inline\">\n      <input class=\"search-overlay-input\" name=\"search_query\"\n        {{#if forms.search.query}} value=\"{{forms.search.query}}\"{{/if}}\n        placeholder=\"{{lang 'search.quick_search.input_placeholder'}}\">\n      <a class=\"button button-invisible-thin search-overlay-close\" href=\"#modal-search\">\n        <i class=\"icon-close\"><span class=\"sr-only\">{{lang 'common.close'}}</span></i>\n      </a>\n    </div>\n    <input class=\"button button-invisible search-overlay-submit\" type=\"submit\" value=\"{{lang 'search.label'}}\">\n  </form>\n\n</div>\n\n{{#if page_type '==' 'product' }}\n  {{#if settings.show_product_reviews}}\n    <section class=\"write-review-wrapper {{#if product.reviews.messages.length \"!==\" 0}}visible{{/if}}\" data-review-modal>\n      <span class=\"write-review-close\">\n        <i class=\"icon-close\"></i>\n      </span>\n      <div class=\"write-review-content\">\n        {{> components/products/review-modal}}\n      </div>\n      <span class=\"page-spinner {{#if product.reviews.messages.length \"!==\" 0}}visible{{/if}}\"></span>\n    </section>\n  {{/if}}\n{{/if}}\n\n<div class=\"loading-overlay\">\n  <span class=\"page-spinner\"></span>\n</div>\n","core/structured-data/breadcrumbs":"{{!-- Breadcrumbs: include in base.html --}}\n\n<script id=\"schema-breadcrumbs\">\n  var schema = document.createElement('script');\n  schema.type = 'application/ld+json';\n  schema.text = JSON.stringify({\n    \"@context\": \"http://schema.org\",\n    \"@type\": \"BreadcrumbList\",\n    \"itemListElement\": [\n      {{#each breadcrumbs}}\n        {\n          \"@type\": \"ListItem\",\n          \"position\": {{@index}} + 1,\n          \"item\": {\n            \"@id\": {{#unless @last}}\"{{url}}\"{{else}}window.location.href{{/unless}},\n            \"name\": \"{{name}}\"\n          }\n        }{{#unless @last}},{{/unless}}\n      {{/each}}\n    ]\n  });\n\n  document.querySelector('body').appendChild(schema);\n\n  var script = document.getElementById('schema-breadcrumbs');\n  script.parentElement.removeChild(script);\n</script>","components/common/breadcrumbs-partial":"<li class=\"breadcrumb-item{{#if @last}} is-active{{/if}}\">\n  {{#unless @first}}&rsaquo; {{/unless}}\n  {{#if url}}\n  <a class=\"breadcrumb-label\" href=\"{{url}}\"><span>{{name}}</span></a>\n  {{else}}\n  <span class=\"breadcrumb-label\">{{name}}</span>\n  {{/if}}\n\n</li>\n","core/products/price":"{{!\n  Shows a product's price.\n\n  Prices are fairly complicated. Besides having to be able to show the price\n  with and without tax, a merchant can also assign a Recommended Retail Price,\n  and a Sale Price.\n\n  This means that in extreme cases, we have to show 4 different prices at once.\n\n  When a Sale Price is set we do not have direct access to it--instead it\n  overwrites the regular price.\n\n  @param price object\n\n  @param show_savings bool\n         If true, show a label saying how much is saved from the full price.\n}}\n{{#if price}}\n  <div class=\"price\" itemprop=\"offers\" itemscope itemtype=\"http://schema.org/Offer\">\n    {{#if schema_org}}\n      <meta itemprop=\"priceCurrency\" content=\"{{currency_selector.active_currency_code}}\">\n\n      {{#if price.without_tax}}\n        <meta itemprop=\"price\" content=\"{{price.without_tax.value}}\">\n      {{else}}\n        <meta itemprop=\"price\" content=\"{{price.with_tax.value}}\">\n      {{/if}}\n    {{/if}}\n\n\n    {{#if price.without_tax}}\n      <span class=\"price-withouttax\" data-price=\"without-tax\">\n        {{#if price.rrp_without_tax}}\n          <span class=\"price-rrp\" data-price-rrp=\"without-tax\">\n            {{price.rrp_without_tax.formatted}}\n          </span>\n        {{/if}}\n\n        <span class=\"price-value\" data-price-value=\"without-tax\">\n          {{price.without_tax.formatted}}\n        </span>\n\n        {{#if price.with_tax}}\n          <span class=\"price-tax-label\">{{lang 'core.price.without_tax' tax_label=price.tax_label}}</span>\n        {{/if}}\n      </span>\n    {{/if}}\n\n\n    {{#if price.with_tax}}\n      <span class=\"price-withtax\" data-price=\"with-tax\">\n        {{#if price.rrp_with_tax}}\n          <span class=\"price-rrp\" data-price-rrp=\"with-tax\">\n            {{price.rrp_with_tax.formatted}}\n          </span>\n        {{/if}}\n\n        <span class=\"price-value\" data-price-value=\"with-tax\">\n          {{price.with_tax.formatted}}\n        </span>\n\n        {{#if price.without_tax}}\n          <span class=\"price-tax-label\">{{lang 'core.price.with_tax' tax_label=price.tax_label}}</span>\n        {{/if}}\n      </span>\n    {{/if}}\n\n\n    {{#if show_savings}}\n      {{#if price.saved}}\n        <span class=\"price-saved\" data-price-saved>\n          {{lang 'core.price.you_save' amount=price.saved.formatted}}\n        </span>\n      {{/if}}\n    {{/if}}\n  </div>\n{{/if}}\n","components/header-menu":"\n<nav class=\"main-header-menu\">\n  <ul class=\"nav-menu navigation-tier navigation-tier-primary\" data-navigation-tier-primary>\n    <li class=\"has-slide-out header-navigation-item navigation-item-primary\">\n      <a class=\"navigation-link-primary\" href=\"#header-pane-category\" data-slideout-menu=\"header-pane-category\">{{lang 'product.label'}}</a>\n    </li>\n    {{#if shop_by_brand}}\n      <li class=\"has-slide-out header-navigation-item navigation-item-primary\">\n        <a class=\"navigation-link-primary\" href=\"#header-pane-brand\" data-slideout-menu=\"header-pane-brand\">{{lang 'brands.label'}}</a>\n      </li>\n    {{/if}}\n    <li class=\"has-slide-out header-navigation-item navigation-item-primary\">\n      <a class=\"navigation-link-primary\" href=\"#header-pane-pages\" data-slideout-menu=\"header-pane-pages\">{{lang 'page.label'}}</a>\n    </li>\n    <li class=\"header-navigation-item navigation-item-primary\">\n      <a class=\"navigation-link-primary toggle-search\" href=\"#modal-search\" class=\"toggle-search\">{{lang 'search.label'}}</a>\n    </li>\n    <li class=\"has-slide-out header-navigation-item navigation-item-primary\">\n      <a class=\"navigation-link-primary\" href=\"#header-cart-pane\" data-slideout-menu=\"header-cart-pane\">{{lang 'cart.label'}}</a>\n    </li>\n  </ul>\n</nav>\n\n","components/cart/quick-cart":"<div id=\"quick-cart\" class=\"quick-cart{{#unless cart.items.length}} empty{{/unless}}\" data-count=\"{{cart.quantity}}\">\n  <div data-quick-cart-content>\n    {{> components/cart/quick-cart-content this}}\n  </div>\n\n  <div data-quick-cart-totals>\n    {{> components/cart/quick-cart-totals this}}\n  </div>\n</div>\n","components/navigation-footer":"<nav class=\"main-footer-menu\">\n  <ul class=\"nav-menu navigation-tier\">\n    <li>\n      <a href=\"#header-pane-category\" data-slideout-menu>{{lang 'product.label'}}</a>\n    </li>\n    {{#if shop_by_brand}}\n      <li>\n        <a href=\"#header-pane-brand\" data-slideout-menu>{{lang 'brands.label'}}</a>\n      </li>\n    {{/if}}\n    <li>\n      <a href=\"#header-pane-pages\" data-slideout-menu>{{lang 'page.label'}}</a>\n    </li>\n    <li><a href=\"#modal-search\" class=\"toggle-search\">{{lang 'search.label'}}</a></li>\n    <li><a href=\"#header-cart-pane\" data-slideout-menu>{{lang 'cart.label'}}</a></li>\n  </ul>\n</nav>\n\n","components/common/mailing-list":"<section class=\"mailing-list {{location}}\">\n  <h3 class=\"section-title\">{{lang 'footer.mailing_list'}}</h3>\n\n  <p>{{lang 'footer.mailing_list_blurb'}}</p>\n\n  <form\n    class=\"mailing-list-form\"\n    action=\"{{urls.subscribe.action}}\"\n    method=\"post\"\n    data-validates\n  >\n    <input type=\"hidden\" name=\"action\" value=\"subscribe\">\n    <input type=\"hidden\" name=\"check\" value=\"1\">\n    <input type=\"hidden\" name=\"nl_first_name\" value=\"bc\">\n\n    <div class=\"form-field full-width-field\">\n      <label class=\"form-label\" for=\"nl_email\">\n        <span class=\"form-label-text\">{{lang 'common.email_address'}}</span>\n        <input\n          class=\"form-input mailing-list-email\"\n          id=\"nl_email\"\n          name=\"nl_email\"\n          type=\"email\"\n          {{#if customer}}value=\"{{customer.email}}\"{{/if}}\n        >\n      </label>\n\n      <input\n        class=\"mailing-list-submit form-input\"\n        type=\"submit\"\n        name=\"subscribe\"\n        value=\"&#xe60a;\"\n      >\n    </div>\n  </form>\n\n  {{#if settings.show_newsletter_summary}}\n    <p class=\"newsletter-summary\">{{settings.newsletter_summary}}</p>\n  {{/if}}\n</section>\n","core/geotrust-ssl-seal":"<table\n  class=\"geotrust-ssl-seal-table\"\n  width=\"135\"\n  border=\"0\"\n  cellpadding=\"2\"\n  cellspacing=\"0\"\n  title=\"{{lang 'core.geotrust.click_to_verify'}}\"\n>\n  <tr>\n    <td width=\"135\" align=\"center\" valign=\"top\">\n      <script type=\"text/javascript\" src=\"https://seal.geotrust.com/getgeotrustsslseal?host_name={{theme_settings.geotrust-ssl-common-name}}&amp;size={{theme_settings.geotrust-ssl-seal-size}}&amp;lang={{locale_name}}\"></script><br />\n      <a\n        href=\"http://www.geotrust.com/ssl/\"\n        target=\"_blank\"\n        style=\"color:#000000; text-decoration:none; font:bold 7px verdana,sans-serif; letter-spacing:.5px; text-align:center; margin:0px; padding:0px;\"\n      ></a>\n    </td>\n  </tr>\n</table>\n","components/products/review-modal":"<div id=\"modal-review-form\" class=\"review-modal-container\" {{#if product.reviews.messages.length \"!==\" 0}}data-open-review-initial{{/if}}>\n\n  <div class=\"review-modal-images\">\n    <figure class=\"review-image-container\">\n        <img src=\"{{getImage product.main_image '600x1200' (cdn theme_settings.default_image)}}\" alt=\"{{product.main_image.alt}}\"/>\n      <figcaption class=\"review-image-caption\">{{product.title}}</figcaption>\n    </figure>\n  </div>\n\n  <div class=\"review-modal-form\">\n    <h2 class=\"review-form-heading\">{{lang 'product.reviews.write_review'}}</h2>\n    {{#each product.reviews.messages}}\n      {{#if error '===' ''}}\n        {{> core/alerts/alert-error message=(lang 'product.reviews.errors.general')}}\n      {{else}}\n        {{#if error}}\n          {{> core/alerts/alert-error message=error}}\n        {{/if}}\n      {{/if}}\n\n      {{#if success}}\n        {{> core/alerts/alert-success message=success}}\n      {{/if}}\n    {{/each}}\n\n    <form class=\"form\" id=\"form-leave-a-review\" action=\"{{urls.product.post_review}}\" method=\"post\">\n\n      {{! Rating selection }}\n      <div class=\"form-field\">\n        <div class=\"form-label-text\">\n          {{lang 'product.reviews.form.select_a_rating'}}\n        </div>\n\n        <fieldset class=\"form-stars\">\n          <input type=\"radio\" id=\"stars-select-5\" class=\"form-input sr-only\" name=\"revrating\" value=\"5\" data-vd-message-required=\"{{lang 'forms.validation.required_rating'}}\" required>\n          <label for=\"stars-select-5\" class=\"input-star icon-star\" title=\"{{lang 'product.reviews.stars_count' NUM=5}}\">\n            <span class=\"span sr-only\">{{lang 'product.reviews.stars_count' NUM=5}}</span>\n          </label>\n          <input type=\"radio\" id=\"stars-select-4\" class=\"form-input sr-only\" name=\"revrating\" value=\"4\" data-vd-message-required=\"{{lang 'forms.validation.required_rating'}}\" required>\n          <label for=\"stars-select-4\" class=\"input-star icon-star\" title=\"{{lang 'product.reviews.stars_count' NUM=4}}\">\n            <span class=\"span sr-only\">{{lang 'product.reviews.stars_count' NUM=4}}</span>\n          </label>\n          <input type=\"radio\" id=\"stars-select-3\" class=\"form-input sr-only\" name=\"revrating\" value=\"3\" data-vd-message-required=\"{{lang 'forms.validation.required_rating'}}\" required>\n          <label for=\"stars-select-3\" class=\"input-star icon-star\" title=\"{{lang 'product.reviews.stars_count' NUM=3}}\">\n            <span class=\"span sr-only\">{{lang 'product.reviews.stars_count' NUM=3}}</span>\n          </label>\n          <input type=\"radio\" id=\"stars-select-2\" class=\"form-input sr-only\" name=\"revrating\" value=\"2\" data-vd-message-required=\"{{lang 'forms.validation.required_rating'}}\" required>\n          <label for=\"stars-select-2\" class=\"input-star icon-star\" title=\"{{lang 'product.reviews.stars_count' NUM=2}}\">\n            <span class=\"span sr-only\">{{lang 'product.reviews.stars_count' NUM=2}}</span>\n          </label>\n          <input type=\"radio\" id=\"stars-select-1\" class=\"form-input sr-only\" name=\"revrating\" value=\"1\" data-vd-message-required=\"{{lang 'forms.validation.required_rating'}}\" required>\n          <label for=\"stars-select-1\" class=\"input-star icon-star\" title=\"{{lang 'product.reviews.stars_count' NUM=1}}\">\n            <span class=\"span sr-only\">{{lang 'product.reviews.stars_count' NUM=1}}</span>\n          </label>\n        </fieldset>\n      </div>\n\n      {{! Name }}\n      <div class=\"form-field full-width-field\">\n        <label class=\"form-label\" for=\"rating-name\">\n          <span class=\"form-label-text\">{{lang 'product.reviews.form.name'}}</span>\n          <input id=\"rating-name\" class=\"form-input\" type=\"text\" name=\"revfromname\"\n              {{#if customer}}value=\"{{customer.name}}\"{{/if}} required>\n        </label>\n      </div>\n\n      {{! Email }}\n      <div class=\"form-field full-width-field\">\n        <label class=\"form-label\" for=\"rating-email\">\n          <span class=\"form-label-text\">{{lang 'product.reviews.form.email'}}</span>\n          <input id=\"rating-email\" class=\"form-input\" type=\"email\" name=\"email\"\n              {{#if customer}}value=\"{{customer.email}}\"{{/if}} required>\n        </label>\n      </div>\n\n      {{! Review Subject }}\n      <div class=\"form-field full-width-field\">\n        <label class=\"form-label\" for=\"rating-title\">\n          <span class=\"form-label-text\">{{lang 'product.reviews.form.subject'}}</span>\n          <input id=\"rating-title\" class=\"form-input\" type=\"text\" name=\"revtitle\" required>\n        </label>\n      </div>\n\n      {{! Comments }}\n      <div class=\"form-field full-width-field\">\n        <label class=\"form-label\" for=\"rating-comment\">\n          <span class=\"form-label-text\">{{lang 'product.reviews.form.comments'}}</span>\n          <textarea id=\"rating-comment\" class=\"form-input\" name=\"revtext\" rows=\"4\" required></textarea>\n        </label>\n      </div>\n\n      {{! Captcha }}\n      {{#if product.reviews.captcha}}\n        {{> core/forms/common/captcha captcha=product.reviews.captcha name=recaptcha_response_field}}\n      {{/if}}\n\n      <input type=\"hidden\" name=\"product_id\" value=\"{{product.id}}\">\n      <input type=\"hidden\" name=\"action\" value=\"post_review\">\n      {{#if product.reviews.throttleToken}}\n        <input type=\"hidden\" name=\"throttleToken\" value=\"{{product.reviews.throttleToken}}\">\n      {{/if}}\n\n      <input type=\"submit\" class=\"form-submit button button-primary\" value=\"{{lang 'product.reviews.form.submit'}}\"/>\n    </form>\n  </div>\n</div>\n","components/faceted-search/facets/hierarchy":"<div\n  class=\"\n    faceted-search-filter-list\n    {{#if selected}}is-open{{/if}}\n    {{#unless start_collapsed}}is-open{{/unless}}\n  \">\n\n  <ul\n    data-facet-name=\"{{facet}}\"\n    data-count=\"{{items_count}}\"\n    data-has-more-results=\"{{has_more_results}}\">\n    {{#if items}}\n      {{#each items}}\n        <li class=\"faceted-search-item\">\n          <a href=\"{{url}}\" data-faceted-search-facet rel=\"nofollow\">\n            <span class=\"icon {{#if selected}}icon-checked{{else}}icon-unchecked{{/if}}\"></span>\n            {{title}}\n            {{#if ../show_product_counts}}\n              {{#if count}}\n                <span class=\"faceted-search-item-count\">\n                  ({{count}})\n                </span>\n              {{/if}}\n            {{/if}}\n          </a>\n        </li>\n      {{/each}}\n    {{else}}\n      <li class=\"faceted-search-item\">{{lang 'sidebar_filters.empty_facet'}}</li>\n    {{/if}}\n  </ul>\n\n  {{#if show_more_toggle}}\n    <button\n      class=\"faceted-search-more\"\n      role=\"button\"\n      data-additional-facets=\"{{facet}}\">\n      <span>{{lang 'sidebar_filters.show_more'}}</span>\n      <span class=\"hidden\">{{lang 'sidebar_filters.show_less'}}</span>\n    </button>\n  {{/if}}\n</div>","components/faceted-search/facets/multi":"<div\n  class=\"\n    faceted-search-filter-list\n    {{#if selected}}is-open{{/if}}\n    {{#unless start_collapsed}}is-open{{/unless}}\n  \">\n\n  <ul\n    data-facet-name=\"{{facet}}\"\n    data-count=\"{{items_count}}\"\n    data-has-more-results=\"{{has_more_results}}\">\n    {{#if items}}\n      {{#each items}}\n        <li class=\"faceted-search-item\">\n          <a href=\"{{url}}\" data-faceted-search-facet rel=\"nofollow\">\n            <span class=\"icon {{#if selected}}icon-checked{{else}}icon-unchecked{{/if}}\"></span>\n            {{title}}\n\n            {{#if ../show_product_counts}}\n              {{#if count}}\n                <span class=\"faceted-search-item-count\">\n                  ({{count}})\n                </span>\n              {{/if}}\n            {{/if}}\n          </a>\n        </li>\n      {{/each}}\n    {{else}}\n      <li class=\"faceted-search-item\">{{lang 'sidebar_filters.empty_facet'}}</li>\n    {{/if}}\n  </ul>\n\n  {{#if show_more_toggle}}\n    <button\n      class=\"faceted-search-more\"\n      role=\"button\"\n      data-additional-facets=\"{{facet}}\">\n      <span>{{lang 'sidebar_filters.show_more'}}</span>\n      <span class=\"hidden\">{{lang 'sidebar_filters.show_less'}}</span>\n    </button>\n  {{/if}}\n</div>","components/faceted-search/facets/range":"<form class=\"faceted-search-filter-list {{#if selected}}is-open{{/if}} {{#unless start_collapsed}}is-open{{/unless}}\" method=\"get\" data-faceted-search-range>\n  {{#each current_selected_items}}\n    <input type=\"hidden\" name=\"{{param_name}}\" value=\"{{param_value}}\"/>\n  {{/each}}\n\n  <div class=\"form-field faceted-search-range-min\">\n    <input\n      class=\"form-input\"\n      name=\"min_price\"\n      min=\"0\"\n      type=\"number\"\n      value=\"{{min_price}}\"\n      placeholder=\"{{lang 'sidebar_filters.min_price'}}\"\n      required\n    />\n  </div>\n\n  <div class=\"form-field faceted-search-range-max\">\n    <input\n      class=\"form-input\"\n      name=\"max_price\"\n      min=\"0\"\n      type=\"number\"\n      value=\"{{max_price}}\"\n      placeholder=\"{{lang 'sidebar_filters.max_price'}}\"\n      required\n    />\n  </div>\n\n  <div class=\"form-field form-button\">\n    <input class=\"button button-small button-primary\" type=\"submit\" value=\"{{lang 'sidebar_filters.update'}}\">\n  </div>\n\n</form>\n","components/faceted-search/facets/rating":"<ul class=\"faceted-search-filter-list {{#if selected}}is-open{{/if}} {{#unless start_collapsed}}is-open{{/unless}}\">\n  {{#each items}}\n    {{#unless selected}}\n      {{#if param_value}}\n        <li class=\"faceted-search-item\">\n          <a href=\"{{url}}\" data-faceted-search-facet rel=\"nofollow\">\n            <span class=\"icon {{#if selected}}icon-checked{{else}}icon-unchecked{{/if}}\"></span>\n\n            {{> components/common/rating rating=param_value}}\n\n            {{#if ../show_product_counts}}<span class=\"faceted-search-item-count\">({{count}})</span>{{/if}}\n          </a>\n        </li>\n      {{/if}}\n    {{/unless}}\n  {{/each}}\n</ul>\n","components/cart/quick-cart-content":"<div class=\"quick-cart-content-area\">\n\n  {{#if cart.items.length}}\n\n    {{#each cart.items}}\n      {{> components/cart/quick-cart-item this default_image=../theme_settings.default_image}}\n    {{/each}}\n\n  {{else}}\n\n    <div class=\"empty-cart\">{{lang 'cart.empty'}}</div>\n\n  {{/if}}\n</div>\n","components/cart/quick-cart-totals":"\n{{#if cart.items.length}}\n  <div class=\"quick-cart-footer\">\n\n    <div class=\"quick-cart-subtotal\">\n      <div class=\"label\">{{lang 'cart.subtotal'}}:</div>\n      <div class=\"total\">{{cart.sub_total.formatted}}</div>\n    </div>\n\n    <div class=\"quick-cart-actions\">\n      <a\n        href=\"{{urls.checkout.single_address}}\"\n        class=\"button button-primary button-wide checkout-button\"\n      >\n        {{lang 'cart.checkout'}}\n      </a>\n      {{#if cart.show_multiple_address_shipping}}\n        <a class=\"checkout-multiple\" href=\"{{urls.checkout.multiple_address}}\">\n          {{lang 'cart.checkout_multiple'}}\n        </a>\n      {{/if}}\n      <a\n        href=\"{{urls.cart}}\"\n        class=\"button button-secondary button-wide view-cart-button\"\n      >\n        {{lang 'account_general.view_cart'}}\n      </a>\n    </div>\n\n  </div>\n{{/if}}\n","core/alerts/alert-error":"<div class=\"alert alert-error\">\n  {{#if dismissable}}<a class=\"alert-dismiss\">&times;</a>{{/if}}\n\n  <div class=\"alert-message\">\n    {{#if message}}\n      {{{message}}}\n    {{else}}\n      {{{this}}}\n    {{/if}}\n  </div>\n</div>\n","core/alerts/alert-success":"<div class=\"alert alert-success\">\n  {{#if dismissable}}<a class=\"alert-dismiss\">&times;</a>{{/if}}\n\n  <div class=\"alert-message\">\n    {{#if message}}\n      {{{message}}}\n    {{else}}\n      {{{this}}}\n    {{/if}}\n  </div>\n</div>\n","core/forms/common/captcha":"{{!\n  Basically just a wrapper.\n  If you call this file it should serve the correct markup based on where it's called from.\n}}\n\n{{#if product.reviews.recaptcha}}\n  {{{product.reviews.recaptcha.markup}}}\n{{/if}}\n{{#if forms.create_account.recaptcha}}\n  {{{forms.create_account.recaptcha.markup}}}\n{{/if}}\n{{#if forms.contact.recaptcha}}\n  {{{forms.contact.recaptcha.markup}}}\n{{/if}}\n","components/common/rating":"\n{{#for 1 5}}\n    <i class=\"rating-star {{#if ../rating '>=' $index}}icon-star{{else}}icon-star-empty{{/if}}\"></i>\n{{/for}}\n","components/cart/quick-cart-item":"<div class=\"quick-cart-item\" data-id=\"{{id}}\" data-qty=\"{{quantity}}\" data-item-row>\n\n  <div class=\"quick-cart-image-column {{#if type \"===\" \"GiftCertificate\"}}type-gift-certificate{{/if}}\">\n\n    <img class=\"quick-cart-image\" src=\"{{getImage image '70x70' (cdn default_image)}}\" alt=\"{{name}}\">\n\n    {{#if type \"!==\" \"GiftCertificate\"}}\n      <span class=\"quick-cart-quantity-overlay\" data-value=\"{{quantity}}\" aria-live=\"polite\" id=\"quick-cart-qty-{{id}}\">\n        {{quantity}}\n      </span>\n\n      <div class=\"quick-cart-item-actions\">\n\n        <button class=\"quick-cart-item-action\" data-quick-cart-update data-item-id=\"{{id}}\" data-action=\"increase\">\n          <i class=\"icon-increase\" aria-hidden=\"true\"></i> <span class=\"sr-only\">{{lang 'cart.product.increase'}}</span>\n        </button>\n\n        <button class=\"quick-cart-item-action\" data-quick-cart-update data-item-id=\"{{id}}\" data-action=\"decrease\">\n          <i class=\"icon-decrease\" aria-hidden=\"true\"></i> <span class=\"sr-only\">{{lang 'cart.product.decrease'}}</span>\n        </button>\n\n      </div>\n    {{/if}}\n\n  </div>\n\n  <div class=\"quick-cart-content-column {{#if type \"===\" \"GiftCertificate\"}}type-giftcertificate{{/if}}\">\n    <h5 class=\"quick-cart-product-name\">{{name}}</h5>\n    {{lang 'cart.quantity_in_cart' quantity=quantity at_price=price.formatted}}\n  </div>\n\n</div>\n"}