{"core/account/orders/all":"{{#partial 'account-heading'}}\n  {{lang 'core.account.orders.heading_all'}}\n{{/partial}}\n\n{{#partial 'account-content'}}\n  {{> core/account/_private/orders-list orders=customer.orders}}\n  {{> core/pagination pagination.orders}}\n{{/partial}}\n\n{{> core/account/_private/layout nav_page='orders' class='orders-all'}}\n","core/account/_private/orders-list":"{{#if orders}}\n  <div class=\"account-items\">\n    {{#each orders}}\n      <article class=\"account-item\">\n        <a class=\"account-item-link\" href=\"{{details_url}}\"></a>\n\n        <div class=\"account-item-thumbnail\">\n          <a href=\"{{details_url}}\">\n            {{#if items.0.type '===' 'giftcertificate'}}\n              <img src=\"{{cdn ../../theme_settings.default_image_gift_certificate}}\">\n            {{else}}\n              <img src=\"{{getImage image 'account-product-thumbnail' (cdn ../../theme_settings.default_image)}}\" alt=\"{{image.alt}}\">\n            {{/if}}\n          </a>\n        </div>\n\n        <div class=\"account-item-body\">\n          <h1 class=\"account-item-title\">\n            <a href=\"{{details_url}}\">{{lang 'core.account.orders.items.number' number=id}}</a>\n          </h1>\n\n          <p class=\"account-item-description\">\n            {{lang 'core.account.orders.items.description' num_products=items.length cost=total.formatted}}\n          </p>\n\n          <div class=\"account-item-details\">\n            <div class=\"account-item-detail\">\n              <h2 class=\"account-item-detail-title\">{{lang 'core.account.orders.items.placed'}}</h2>\n              <span class=\"account-item-detail-value\">{{date}}</span>\n            </div>\n\n            {{#if date '!==' last_update_date}}\n              <div class=\"account-item-detail\">\n                <h2 class=\"account-item-detail-title\">{{lang 'core.account.orders.items.updated'}}</h2>\n                <span class=\"account-item-detail-value\">{{last_update_date}}</span>\n              </div>\n            {{/if}}\n          </div>\n        </div>\n\n        <div class=\"account-item-badge\">\n          <h2 class=\"account-status\">{{status}}</h2>\n        </div>\n      </article>\n    {{/each}}\n  </div>\n\n{{else}}\n  <div class=\"account-empty\">{{lang 'core.account.orders.items.empty'}}</div>\n\n{{/if}}\n","core/pagination":"<div class=\"pagination\">\n  {{#if previous}}\n    <a class=\"pagination-item pagination-previous\" href=\"{{previous}}\" data-faceted-search-facet>\n      {{lang 'core.pagination.previous'}}\n      <span class=\"pagination-page\">{{lang 'core.pagination.page'}}</span>\n    </a>\n  {{/if}}\n\n  <div class=\"pagination-count\">\n    <strong class=\"pagination-current\">\n      {{#if current}}\n        {{current}}\n      {{else}}\n        1\n      {{/if}}\n    </strong>\n    <span class=\"pagination-of\">{{lang 'core.pagination.of'}}</span>\n    <span class=\"pagination-total\">\n      {{#if links.length}}\n        {{links.length}}\n      {{else}}\n        1\n      {{/if}}\n    </span>\n  </div>\n\n  {{#if next}}\n    <a class=\"pagination-item pagination-next\" href=\"{{next}}\" data-faceted-search-facet>\n      {{lang 'core.pagination.next'}}\n      <span class=\"pagination-page\">{{lang 'core.pagination.page'}}</span>\n    </a>\n  {{/if}}\n</div>\n","core/account/_private/layout":"{{!\n  A wrapper for all account pages.\n\n  @block account-heading\n         The page's title.\n\n  @block account-content\n         The content for the main part of the layout.\n\n  @param class string\n         A name for the current page, added as a class to the account wrapper.\n\n  @param nav string\n         If \"hidden\", no nav will be shown.\n\n  @param nav_page string\n         If matches a string in navigation.html, that link will be made active.\n\n  @param header string\n         If \"hidden\", no header will be shown.\n         If \"top\", header will be shown above the nav.\n         Otherwise, header will be shown above the content.\n}}\n<section class=\"account-wrapper account-page-{{class}}{{#if nav '===' 'hidden'}} account-nav-hidden{{/if}}\">\n  {{#if header '===' 'top'}}{{> core/account/_private/layout-heading}}{{/if}}\n\n  {{#if nav '!==' 'hidden'}}\n    {{> core/account/_private/navigation nav_page=nav_page}}\n  {{/if}}\n\n  <div class=\"account-body\">\n    {{#unless header}}{{> core/account/_private/layout-heading}}{{/unless}}\n\n    <div class=\"account-content\">\n      {{#block 'account-content'}}{{/block}}\n    </div>\n  </div>\n</section>\n","core/account/_private/layout-heading":"<div class=\"account-header\">\n  <h1 class=\"account-heading\">{{#block 'account-heading'}}{{/block}}</h1>\n\n  <div class=\"account-toolbar\">{{#block 'account-toolbar'}}{{/block}}</div>\n</div>\n","core/account/_private/navigation":"<nav class=\"account-nav\">\n  <ul class=\"account-nav-list\">\n    <li class=\"account-nav-item{{#if nav_page '===' 'orders'}} is-active{{/if}}\">\n      <a class=\"account-nav-link\" href=\"{{urls.account.orders.all}}\">{{lang 'core.account.menu.orders'}}</a>\n    </li>\n\n    {{#if settings.returns_enabled}}\n      <li class=\"account-nav-item{{#if nav_page '===' 'returns'}} is-active{{/if}}\">\n        <a class=\"account-nav-link\" href=\"{{urls.account.returns}}\">{{lang 'core.account.menu.returns'}}</a>\n      </li>\n    {{/if}}\n\n    <li class=\"account-nav-item{{#if nav_page '===' 'messages'}} is-active{{/if}}\">\n      <a class=\"account-nav-link\" href=\"{{urls.account.inbox}}\">{{lang 'core.account.menu.messages'}}\n        {{#if customer.num_new_messages}}\n          <span class=\"account-nav-badge\">{{customer.num_new_messages}}</span>\n        {{/if}}\n      </a>\n    </li>\n\n    <li class=\"account-nav-item{{#if nav_page '===' 'addresses'}} is-active{{/if}}\">\n      <a class=\"account-nav-link\" href=\"{{urls.account.addresses}}\">{{lang 'core.account.menu.addresses'}}</a>\n    </li>\n\n    {{#if settings.show_wishlist}}\n      <li class=\"account-nav-item{{#if nav_page '===' 'wishlists'}} is-active{{/if}}\">\n        <a class=\"account-nav-link\" href=\"{{urls.account.wishlists.all}}\">{{lang 'core.account.menu.wishlists'}}</a>\n      </li>\n    {{/if}}\n\n    <li class=\"account-nav-item{{#if nav_page '===' 'recent_items'}} is-active{{/if}}\">\n      <a class=\"account-nav-link\" href=\"{{urls.account.recent_items}}\">{{lang 'core.account.menu.recently_viewed'}}</a>\n    </li>\n\n    <li class=\"account-nav-item{{#if nav_page '===' 'settings'}} is-active{{/if}}\">\n      <a class=\"account-nav-link\" href=\"{{urls.account.details}}\">{{lang 'core.account.menu.settings'}}</a>\n    </li>\n  </ul>\n\n  {{#if customer.store_credit.value '>' 0}}\n    {{> core/alerts/alert-success (lang 'core.account.common.store_credit' store_credit=customer.store_credit.formatted)}}\n  {{/if}}\n</nav>\n","core/alerts/alert-success":"<div class=\"alert alert-success\">\n  {{#if dismissable}}<a class=\"alert-dismiss\">&times;</a>{{/if}}\n\n  <div class=\"alert-message\">\n    {{#if message}}\n      {{{message}}}\n    {{else}}\n      {{{this}}}\n    {{/if}}\n  </div>\n</div>\n"}