{"pages/amp/category":"---\ncategory:\n  shop_by_price: true\n  products:\n    limit: {{theme_settings.product-results-per-page}}\n---\n\n{{#partial 'amp-cart-icon'}}\n  <div class=\"amp-mini-cart\">\n    <a\n      class=\"navigation-link-primary\"\n      href=\"{{urls.cart}}\"\n      data-slideout-menu=\"header-cart-pane\"\n    >\n      {{lang 'cart.label'}}\n    </a>\n  </div>\n{{/partial}}\n\n{{#partial 'amp-custom-header-styles'}}\n  {{> components/amp/styles/header}}\n{{/partial}}\n\n{{> core/amp/pages/category\n  header_background=theme_settings.body-background-color\n  header_text=theme_settings.heading-font-color\n  body_background=theme_settings.body-background-color\n  color_headings=theme_settings.heading-font-color\n  color_text=theme_settings.body-font-color\n  footer_background=theme_settings.body-background-color\n  footer_text=theme_settings.body-font-color\n  color_accent=theme_settings.accent-color\n  color_borders=theme_settings.border-color\n}}\n\n{{#partial 'amp-product-listing'}}\n  {{> core/amp/category/product-listing\n    default=theme_settings.default_image\n    as_low_as=false\n    image_ratio=\"ratio-1-1\"\n    image_cropping=\"image-contain\"\n    catalog_columns=\"two\"\n    info_alignment=\"left\"\n  }}\n{{/partial}}\n\n{{#partial 'amp-footer'}}\n  {{> core/amp/common/footer\n    theme_credits=theme_settings.theme-credits\n    theme_name=\"Fortune\"\n    store_copyright=theme_settings.theme-credits\n  }}\n{{/partial}}\n\n{{#partial 'amp-social'}}\n  {{> components/amp/social-media-links}}\n{{/partial}}\n\n{{#partial 'amp-custom-footer-styles'}}\n  {{> components/amp/styles/footer}}\n{{/partial}}\n{{> layout/amp}}\n","components/amp/styles/header":".navigation-link-primary {\n  font-size: 18px;\n  font-weight: 500;\n  line-height: 26px;\n  text-transform: uppercase;\n}\n","core/amp/pages/category":"{{inject \"productsPerPage\" theme_settings.product_catalog_limit}}\n\n{{#partial \"head\"}}\n  {{#if pagination.category.previous}}\n    <link rel=\"prev\" href=\"{{pagination.category.previous}}\">\n  {{/if}}\n  {{#if pagination.category.next}}\n    <link rel=\"next\" href=\"{{pagination.category.next}}\">\n  {{/if}}\n{{/partial}}\n\n{{#partial \"amp-style\"}}\n  {{> core/amp/category/styles\n    header_background=../header_background\n    header_text=../header_text\n    body_background=../body_background\n    color_headings=../color_headings\n    color_text=../color_text\n    footer_background=../footer_background\n    footer_text=../footer_text\n    color_accent=../color_accent\n    color_borders=../color_borders\n  }}\n{{/partial}}\n\n{{#partial \"page\"}}\n  {{> core/amp/common/header}}\n  <section class=\"amp-product-catalog\">\n    {{#if category.image}}\n      <div class=\"amp-product-catalog-image\">\n        <amp-img\n          src=\"{{getImage category.image 'zoom_size'}}\"\n          width=\"300\"\n          height=\"150\"\n          layout=\"responsive\"\n          alt=\"{{category.name}}\"\n        >\n        </amp-img>\n      </div>\n    {{/if}}\n\n    <div class=\"amp-product-catalog-header\">\n      <h1 class=\"amp-product-catalog-image-title\">\n        {{category.name}}\n      </h1>\n      {{{sanitize category.description}}}\n      {{{snippet 'categories'}}}\n    </div>\n\n    <div class=\"amp-product-catalog-content\">\n      {{#if category.products.length}}\n        {{#block \"amp-product-listing\"}} {{/block}}\n      {{else}}\n        <h4 class=\"amp-product-catalog-empty\">\n          {{lang 'core.amp.no_products'}}\n        </h4>\n      {{/if}}\n    </div>\n  </section>\n\n  {{> core/amp/category/subcategories}}\n  {{#block \"amp-footer\"}} {{/block}}\n\n  {{#if settings.amp_analytics_id}}\n    <amp-analytics type=\"googleanalytics\">\n      <script type=\"application/json\">\n      {\n        \"vars\": {\n          \"account\": \"{{settings.amp_analytics_id}}\"\n        },\n        \"extraUrlParams\": {\n          \"cd1\": \"{{page_type}}\",\n          \"cd2\": \"{{category.id}}\",\n          \"cd3\": \"{{category.url}}\",\n          \"cd4\": \"{{category.name}}\"\n        },\n        \"triggers\": {\n          \"trackPageview\": {\n            \"on\": \"visible\",\n            \"request\": \"pageview\"\n          },\n          \"trackClickOnProductCard\" : {\n            \"on\": \"click\",\n            \"selector\": \".amp-grid-item-link, .amp-grid-item-name a\",\n            \"request\": \"event\",\n            \"vars\": {\n              \"eventCategory\": \"Category\",\n              \"eventAction\": \"Product Card\"\n            },\n            \"extraUrlParams\": {\n              \"cd6\": \"${productLink}\",\n              \"cd7\": \"${productId}\",\n              \"cd8\": \"${productName}\"\n            }\n          }\n        }\n      }\n      </script>\n    </amp-analytics>\n  {{/if}}\n\n{{/partial}}\n","core/amp/category/product-listing":"<ul class=\"amp-product-grid columns-{{catalog_columns}} alignment-{{info_alignment}}\">\n  {{#each category.products}}\n    <li class=\"amp-product-item\">\n      {{> core/amp/category/product-item\n        default=../default\n        show_rating=../settings.show_product_rating\n        as_low_as=../as_low_as\n        image_ratio=../image_ratio\n        image_cropping=../image_cropping\n      }}\n    </li>\n  {{/each}}\n</ul>\n\n{{> core/amp/common/pagination pagination.category}}\n","core/amp/common/footer":"<footer class=\"amp-footer\" role=\"contentinfo\">\n  <article class=\"amp-footer-section\" data-section-type=\"amp-footer-web-pages\">\n    <h5 class=\"amp-footer-heading\">{{lang 'core.amp.footer.pages'}}</h5>\n    <ul class=\"amp-footer-list\">\n      {{#each pages}}\n        <li>\n          <a href=\"{{url}}\">{{name}}</a>\n        </li>\n      {{/each}}\n      <li>\n        <a href=\"{{urls.sitemap}}\">{{lang 'core.amp.footer.sitemap_title'}}</a>\n      </li>\n    </ul>\n  </article>\n\n  <article class=\"amp-footer-section\" data-section-type=\"amp-footer-categories\">\n    <h5 class=\"amp-footer-heading\">{{lang 'core.amp.footer.categories'}}</h5>\n    <ul class=\"amp-footer-list\">\n      {{#each categories}}\n        <li>\n          <a href=\"{{url}}\">{{name}}</a>\n        </li>\n      {{/each}}\n    </ul>\n  </article>\n\n  <article class=\"amp-footer-section\" data-section-type=\"amp-footer-brands\">\n    <h5 class=\"amp-footer-heading\">{{lang 'core.amp.footer.brands'}}</h5>\n    <ul class=\"amp-footer-list\">\n      {{#each shop_by_brand}}\n        <li>\n          <a href=\"{{url}}\">{{name}}</a>\n        </li>\n      {{/each}}\n        <li>\n          <a href=\"{{urls.brands}}\">\n            {{lang 'core.amp.view_all'}}\n          </a>\n        </li>\n    </ul>\n  </article>\n\n  <article class=\"amp-footer-section\" data-section-type=\"amp-store-info\">\n    <h5 class=\"amp-footer-heading\">{{lang 'core.amp.footer.contact'}}</h5>\n    <address>{{nl2br settings.address}}</address>\n    {{#if settings.phone_number}}\n      <p class=\"amp-footer-phone\">\n        {{lang 'core.amp.footer.call_us' phone_number=settings.phone_number}}\n      </p>\n    {{/if}}\n  </article>\n  <article class=\"amp-footer-credits\">\n    {{#if social_media.length}}\n      {{#block 'amp-social'}} {{/block}}\n    {{/if}}\n    {{#if theme_credits}}\n      <p>{{theme_name}} theme by <a href=\"https://pixelunion.net\" target=\"_blank\" rel=\"nofollow\">Pixel Union</a>, Powered by <a href=\"http://bigcommerce.com\" rel=\"nofollow\">BigCommerce</a></p>\n    {{/if}}\n    {{#if store_copyright}}\n      <p>&copy; {{settings.store_name}}</p>\n    {{/if}}\n  </article>\n</footer>\n","components/amp/social-media-links":"{{#if social_media}}\n  <ul class=\"footer-social-list\">\n    {{#each social_media}}\n      {{#if display_name '==' 'twitter'}}\n        <li class=\"footer-social-list-item\">\n          <a href=\"{{this.url}}\" title=\"{{this.name}}\" target=\"_blank\">\n            <svg\n              class=\"footer-social-list-item-icon\"\n              width=\"100%\"\n              height=\"100%\"\n              viewBox=\"0 0 18 15\"\n              xmlns=\"http://www.w3.org/2000/svg\"\n              xmlns:xlink=\"http://www.w3.org/1999/xlink\"\n            >\n              <title>icon-social-twitter</title>\n              <path d=\"M18 1.776c-.66.3-1.373.505-2.12.596.762-.468 1.348-1.21 1.623-2.095-.714.434-1.503.75-2.346.918C14.485.46 13.525 0 12.462 0 10.424 0 8.77 1.696 8.77 3.787c0 .296.032.585.095.862-3.07-.16-5.79-1.665-7.612-3.96-.318.562-.5 1.214-.5 1.907 0 1.313.652 2.472 1.643 3.152-.604-.02-1.175-.192-1.673-.474v.047c0 1.835 1.273 3.366 2.963 3.713-.31.09-.636.133-.973.133-.238 0-.47-.024-.695-.068.47 1.504 1.833 2.6 3.45 2.628C4.204 12.746 2.61 13.352.88 13.352c-.297 0-.592-.017-.88-.052C1.634 14.373 3.576 15 5.66 15 12.455 15 16.17 9.23 16.17 4.226c0-.164-.003-.33-.01-.49.722-.534 1.35-1.2 1.842-1.96\" />\n            </svg>\n          </a>\n        </li>\n      {{/if}}\n\n      {{#if display_name '==' 'facebook'}}\n        <li class=\"footer-social-list-item\">\n          <a href=\"{{this.url}}\" title=\"{{this.name}}\" target=\"_blank\">\n            <svg\n              class=\"footer-social-list-item-icon {{this.name}}\"\n              width=\"100%\"\n              height=\"100%\"\n              viewBox=\"0 0 9 18\"\n              xmlns=\"http://www.w3.org/2000/svg\"\n              xmlns:xlink=\"http://www.w3.org/1999/xlink\"\n            >\n              <title>icon-social-facebook</title>\n              <path d=\"M0 5.953h1.93v-1.81c0-.797.02-2.026.62-2.788C3.182.548 4.05 0 5.543 0 7.976 0 9 .334 9 .334L8.52 3.09s-.805-.222-1.555-.222c-.75 0-1.422.26-1.422.982v2.103h3.075l-.215 2.692h-2.86V18H1.93V8.645H0V5.953\" />\n            </svg>\n          </a>\n        </li>\n      {{/if}}\n\n      {{#if display_name '==' 'google+'}}\n        <li class=\"footer-social-list-item\">\n          <a href=\"{{this.url}}\" title=\"{{this.name}}\" target=\"_blank\">\n            <svg\n              class=\"footer-social-list-item-icon\"\n              width=\"100%\"\n              height=\"100%\"\n              viewBox=\"0 0 25 17\"\n              xmlns=\"http://www.w3.org/2000/svg\"\n              xmlns:xlink=\"http://www.w3.org/1999/xlink\"\n            >\n              <title>icon-social-google-plus</title>\n              <path d=\"M20.0584 5.4952h2.1627c.0038.763.0074 1.53.0146 2.2926.7234.008 1.4505.008 2.1736.0156v2.281c-.723.0078-1.4465.0116-2.1736.0193-.0072.7665-.0108 1.5296-.0145 2.2926H20.055c-.0072-.763-.0072-1.526-.0145-2.2888l-2.1736-.023v-2.281c.7234-.0078 1.4466-.0116 2.1736-.0157.0036-.7666.011-1.5296.018-2.2926zM.4598 8.547C.5254 4.4102 4.131.7875 8.0528.9255c1.8794-.092 3.646.7704 5.0852 1.982-.6144.7362-1.2504 1.4453-1.93 2.1086-1.7303-1.261-4.191-1.6216-5.9212-.1647-2.4752 1.8056-2.588 6.069-.207 8.0126 2.3153 2.216 6.6914 1.1157 7.331-2.2774-1.45-.023-2.904 0-4.3543-.0498-.0036-.9125-.0072-1.825-.0036-2.7372 2.4243-.0077 4.8487-.0118 7.2767.0076.1453 2.147-.1236 4.432-1.374 6.207-1.8938 2.8102-5.6955 3.6306-8.6616 2.4267C2.3174 15.2447.209 11.9283.46 8.547z\" />\n            </svg>\n          </a>\n        </li>\n      {{/if}}\n\n      {{#if display_name '==' 'pinterest'}}\n        <li class=\"footer-social-list-item\">\n          <a href=\"{{this.url}}\" title=\"{{this.name}}\" target=\"_blank\">\n            <svg\n              class=\"footer-social-list-item-icon\"\n              width=\"100%\"\n              height=\"100%\"\n              viewBox=\"0 0 19 18\"\n              xmlns=\"http://www.w3.org/2000/svg\"\n              xmlns:xlink=\"http://www.w3.org/1999/xlink\"\n            >\n              <title>icon-social-pinterest</title>\n              <path d=\"M9.5133 0C4.5427 0 .5127 4.0295.5127 8.9994c0 3.8135 2.3716 7.0702 5.7198 8.3808-.0787-.712-.1496-1.8044.0315-2.5817.1643-.703 1.0554-4.474 1.0554-4.474s-.27-.54-.27-1.3363c0-1.2487.7267-2.1858 1.629-2.1858.7685 0 1.1386.577 1.1386 1.2678 0 .773-.4905 1.927-.7448 2.997-.2137.8964.45 1.6254 1.3332 1.6254 1.5976 0 2.8285-1.6852 2.8285-4.1195 0-2.1542-1.5482-3.6604-3.76-3.6604-2.5608 0-4.0616 1.9202-4.0616 3.9057 0 .773.296 1.602.667 2.053.0744.09.0845.1688.0643.2588-.0675.2835-.2205.8955-.251 1.0204-.0393.1642-.1293.2002-.3014.1203-1.123-.523-1.8272-2.1666-1.8272-3.4872 0-2.8394 2.0635-5.4447 5.9484-5.4447 3.121 0 5.5488 2.224 5.5488 5.1972 0 3.1014-1.9576 5.5987-4.6724 5.5987-.9113 0-1.7686-.4747-2.0622-1.035l-.5626 2.1397c-.2025.7818-.7504 1.7617-1.1183 2.359.8438.261 1.7382.4016 2.6664.4016 4.9696 0 9.0007-4.0295 9.0007-8.9994 0-4.97-4.031-8.9995-9.0006-8.9995L9.5134 0z\" />\n            </svg>\n          </a>\n        </li>\n      {{/if}}\n\n      {{#if display_name '==' 'youtube'}}\n        <li class=\"footer-social-list-item\">\n          <a href=\"{{this.url}}\" title=\"{{this.name}}\" target=\"_blank\">\n            <svg\n              class=\"footer-social-list-item-icon\"\n              width=\"100%\"\n              height=\"100%\"\n              viewBox=\"0 0 21 15\"\n              xmlns=\"http://www.w3.org/2000/svg\"\n              xmlns:xlink=\"http://www.w3.org/1999/xlink\"\n            >\n              <title>icon-social-youtube</title>\n              <path d=\"M8.45 10.064v-5.74l5.52 2.88-5.52 2.86zM20.57 3.33s-.198-1.41-.81-2.03C18.98.488 18.11.484 17.71.437 14.852.23 10.564.23 10.564.23h-.01s-4.287 0-7.147.206c-.4.047-1.27.05-2.047.865-.612.62-.812 2.03-.812 2.03S.344 4.98.344 6.635v1.55c0 1.653.204 3.306.204 3.306s.2 1.408.812 2.028c.778.814 1.798.788 2.253.874 1.635.156 6.947.205 6.947.205s4.293-.008 7.152-.214c.4-.048 1.27-.052 2.047-.866.612-.62.81-2.028.81-2.028s.205-1.653.205-3.306v-1.55c0-1.654-.204-3.307-.204-3.307z\" />\n            </svg>\n          </a>\n        </li>\n      {{/if}}\n\n      {{#if display_name '==' 'instagram'}}\n        <li class=\"footer-social-list-item\">\n          <a href=\"{{this.url}}\" title=\"{{this.name}}\" target=\"_blank\">\n            <svg\n              class=\"footer-social-list-item-icon\"\n              width=\"100%\"\n              height=\"100%\"\n              viewBox=\"0 0 18 18\"\n              xmlns=\"http://www.w3.org/2000/svg\"\n              xmlns:xlink=\"http://www.w3.org/1999/xlink\"\n            >\n              <title>icon-social-instagram</title>\n              <path d=\"M5.42.964c.908-.04 1.197-.05 3.506-.05 2.308 0 2.598.01 3.504.05.905.04 1.523.185 2.064.395.56.216 1.033.507 1.505.98.472.472.762.946.98 1.505.21.54.353 1.16.395 2.064.04.905.05 1.195.05 3.503 0 2.31-.01 2.598-.05 3.505-.042.904-.185 1.522-.395 2.063-.218.56-.508 1.034-.98 1.506-.473.473-.947.764-1.506.98-.54.21-1.16.355-2.064.396-.906.04-1.196.05-3.504.05-2.31 0-2.598-.01-3.505-.05-.904-.04-1.52-.185-2.062-.395-.56-.217-1.033-.508-1.506-.98-.472-.473-.763-.947-.98-1.506-.21-.54-.354-1.158-.395-2.062-.04-.907-.05-1.196-.05-3.505 0-2.308.01-2.598.05-3.504.04-.906.185-1.524.395-2.065.217-.56.508-1.033.98-1.505.473-.473.947-.764 1.506-.98.54-.21 1.158-.355 2.063-.396zm9.456 3.604c0-.563-.457-1.02-1.02-1.02-.564 0-1.02.457-1.02 1.02s.456 1.02 1.02 1.02c.563 0 1.02-.457 1.02-1.02zM4.56 9.413c0 2.41 1.955 4.365 4.366 4.365 2.41 0 4.365-1.954 4.365-4.365 0-2.41-1.954-4.365-4.364-4.365S4.56 7.002 4.56 9.413zm4.366 2.833c-1.565 0-2.834-1.268-2.834-2.833 0-1.565 1.27-2.833 2.834-2.833 1.565 0 2.833 1.268 2.833 2.833 0 1.565-1.27 2.833-2.834 2.833z\" fill-rule=\"nonzero\"/>\n            </svg>\n          </a>\n        </li>\n      {{/if}}\n\n      {{#if display_name '==' 'linkedin'}}\n        <li class=\"footer-social-list-item\">\n          <a href=\"{{this.url}}\" title=\"{{this.name}}\" target=\"_blank\">\n            <svg\n              class=\"footer-social-list-item-icon\"\n              width=\"100%\"\n              height=\"100%\"\n              viewBox=\"0 0 18 16\"\n              xmlns=\"http://www.w3.org/2000/svg\"\n              xmlns:xlink=\"http://www.w3.org/1999/xlink\"\n            >\n              <title>icon-social-linkedin</title>\n              <path d=\"M17.425 16h-3.85v-5.625c0-1.472-.603-2.477-1.928-2.477-1.013 0-1.577.678-1.84 1.332-.098.235-.082.56-.082.888V16H5.91s.05-9.964 0-10.87h3.815v1.707c.225-.746 1.444-1.81 3.39-1.81 2.414 0 4.31 1.563 4.31 4.93V16zM2.05 3.77h-.023C.797 3.77 0 2.94 0 1.888 0 .813.82 0 2.075 0c1.253 0 2.023.81 2.048 1.884 0 1.053-.795 1.887-2.072 1.887zM.44 5.13h3.396V16H.44V5.13z\"/>\n            </svg>\n          </a>\n        </li>\n      {{/if}}\n\n      {{#if display_name '==' 'tumblr'}}\n        <li class=\"footer-social-list-item\">\n          <a href=\"{{this.url}}\" title=\"{{this.name}}\" target=\"_blank\">\n            <svg\n              class=\"footer-social-list-item-icon\"\n              width=\"100%\"\n              height=\"100%\"\n              viewBox=\"0 0 10 18\"\n              xmlns=\"http://www.w3.org/2000/svg\"\n              xmlns:xlink=\"http://www.w3.org/1999/xlink\"\n            >\n              <title>icon-social-tumblr</title>\n              <path d=\"M7.077 17.158h-.104c-3.733 0-4.822-2.817-4.822-4.487V7.453H.077L.073 4.858c0-.052.055-.067.107-.067C2.1 4.06 3.343 3.12 3.654.826c-.05-.157.052-.157.052-.157H6.3V4.32h3.117v3.132H6.3v4.74c0 1.096.414 1.68 1.45 1.68.416 0 .882-.106 1.35-.262.05 0 .103 0 .103.052l.778 2.296v.21c-.57.573-1.762.99-2.903.99z\"/>\n            </svg>\n          </a>\n        </li>\n      {{/if}}\n\n      {{#if display_name '==' 'stumbleupon'}}\n        <li class=\"footer-social-list-item\">\n          <a href=\"{{this.url}}\" title=\"{{this.name}}\" target=\"_blank\">\n            <svg\n              class=\"footer-social-list-item-icon\"\n              width=\"100%\"\n              height=\"100%\"\n              viewBox=\"0 0 18 14\"\n              xmlns=\"http://www.w3.org/2000/svg\"\n              xmlns:xlink=\"http://www.w3.org/1999/xlink\"\n            >\n              <title>icon-social-stumbleupon</title>\n              <path d=\"M9 0C6.778 0 4.976 1.8 4.976 4.024V9.74c0 .528-.426.954-.952.954-.527 0-.953-.426-.953-.953V7.2H0v2.647c0 2.222 1.8 4.024 4.024 4.024 2.222 0 4.023-1.8 4.023-4.023V4.024c0-.527.427-.953.953-.953s.953.427.953.954v1.164l1.27.583 1.8-.582V4.024C13.024 1.8 11.224 0 9 0zm.953 7.253v2.594c0 2.222 1.8 4.024 4.023 4.024S18 12.07 18 9.848v-2.54h-3.07v2.54c0 .526-.427.953-.954.953-.526 0-.952-.427-.952-.953V7.253l-1.8.582-1.27-.582z\" />\n            </svg>\n          </a>\n        </li>\n      {{/if}}\n\n      {{#if display_name '==' 'rss'}}\n        <li class=\"footer-social-list-item\">\n          <a href=\"{{this.url}}\" title=\"{{this.name}}\" target=\"_blank\">\n            <svg\n              class=\"footer-social-list-item-icon\"\n              width=\"100%\"\n              height=\"100%\"\n              viewBox=\"0 0 18 18\"\n              xmlns=\"http://www.w3.org/2000/svg\"\n              xmlns:xlink=\"http://www.w3.org/1999/xlink\"\n            >\n              <title>icon-social-rss</title>\n              <g fill-rule=\"evenodd\">\n                <path d=\"M4.98 15.53C4.98 16.896 3.89 18 2.54 18 1.19 18 .096 16.895.096 15.53c0-1.362 1.094-2.467 2.442-2.467s2.44 1.105 2.44 2.468M11.9 18H8.44c0-4.658-3.736-8.435-8.343-8.435V6.07C6.617 6.07 11.9 11.41 11.9 18z\"/>\n                <path d=\"M14.342 18c0-7.953-6.378-14.4-14.245-14.4V0C9.93 0 17.902 8.06 17.902 18h-3.56z\"/>\n              </g>\n            </svg>\n          </a>\n        </li>\n      {{/if}}\n    {{/each}}\n  </ul>\n{{/if}}\n","components/amp/styles/footer":".amp-footer {\n  border-top: 1px solid {{color_borders}};\n}\n\n.amp-footer-heading {\n  color: {{color_headings}};\n  text-transform: uppercase;\n}\n\n.amp-footer-credits {\n  text-align: left;\n}\n\n.footer-social-list {\n  margin-left: 0;\n  list-style: none;\n}\n\n.footer-social-list-item {\n  display: inline-block;\n  margin-right: 20px;\n}\n\n.footer-social-list-item a {\n  color: {{color_text}};\n}\n\n.footer-social-list-item-icon {\n  width: 16px;\n  height: auto;\n  fill: currentColor;\n}\n\n.footer-social-list-item-icon.Facebook {\n  height: 16px;\n}\n\n.amp-footer-credits p {\n  font-size: 0.8em;\n}\n","layout/amp":"{{> core/amp/layout/amp}}\n","core/amp/category/styles":"<style amp-custom>\n  {{> core/amp/css/base\n    header_background=header_background\n    header_text=header_text\n    body_background=body_background\n    color_headings=color_headings\n    color_text=color_text\n    footer_background=footer_background\n    footer_text=footer_text\n    color_accent=color_accent\n    color_borders=color_borders\n  }}\n  {{> core/amp/css/header\n    header_background=header_background\n    header_text=header_text\n    body_background=body_background\n    color_headings=color_headings\n    color_text=color_text\n    footer_background=footer_background\n    footer_text=footer_text\n    color_accent=color_accent\n    color_borders=color_borders\n  }}\n  {{> core/amp/css/footer\n    header_background=header_background\n    header_text=header_text\n    body_background=body_background\n    color_headings=color_headings\n    color_text=color_text\n    footer_background=footer_background\n    footer_text=footer_text\n    color_accent=color_accent\n    color_borders=color_borders\n  }}\n  {{> core/amp/css/category\n    header_background=header_background\n    header_text=header_text\n    body_background=body_background\n    color_headings=color_headings\n    color_text=color_text\n    footer_background=footer_background\n    footer_text=footer_text\n    color_accent=color_accent\n    color_borders=color_borders\n  }}\n</style>\n","core/amp/category/subcategories":"<nav>\n  {{#if category.subcategories}}\n    <div class=\"amp-subcategories-container\">\n      <h5 class=\"amp-subcategories-heading\">\n        {{lang 'core.amp.subcategories'}}\n      </h5>\n      <ul class=\"amp-subcategories-list\">\n        {{#each category.subcategories}}\n          <li class=\"amp-subcategories-list-item\">\n            <a class=\"amp-subcategories-list-action\" href=\"{{url}}\">\n              {{name}}\n            </a>\n          </li>\n        {{/each}}\n      </ul>\n    </div>\n  {{/if}}\n</nav>\n","core/amp/common/header":"{{#if banners.top}}\n  <div class=\"banners\" data-banner-location=\"top\">\n    <div class=\"banner\">\n      {{{limit banners.top 1}}}\n    </div>\n  </div>\n{{/if}}\n\n<header class=\"amp-header\">\n  <button class=\"amp-header-button\" on=\"tap:amp-menu.toggle\">\n    <div class=\"burger burger-top\"></div>\n    <div class=\"burger burger-middle\"></div>\n    <div class=\"burger burger-bottom\"></div>\n    <span class=\"sr-only\">{{lang 'core.amp.header.menu_open'}}</span>\n  </button>\n\n  <div class=\"amp-header-logo\">\n    {{> core/amp/common/logo}}\n  </div>\n\n  {{#block 'amp-cart-icon'}}{{/block}}\n</header>\n<amp-sidebar layout=\"nodisplay\" id=\"amp-menu\" data-menu>\n  {{> core/amp/common/navigation}}\n</amp-sidebar>\n","core/amp/common/pagination":"{{!--\n  Pagination: Previous / Next buttons and a list of links to other pages.\n  @param this Object containing links, count, etc\n--}}\n\n{{#any previous links next}}\n  <nav class=\"pagination\">\n    {{#if previous}}\n      <a\n        class=\"pagination-item pagination-previous\"\n        href=\"{{previous}}\"\n        {{#unless reload}}\n          data-faceted-search-facet\n        {{/unless}}\n      >\n        <svg width=\"7\" height=\"12\" viewBox=\"0 0 7 12\" xmlns=\"http://www.w3.org/2000/svg\" role=\"presentation\">\n          <path d=\"M6.01 10.648l-.71.704L-.01 6 5.3.648l.71.704L1.4 6\" fill=\"currentColor\"/>\n        </svg>\n        <span class=\"sr-only\">\n          {{lang 'core.pagination.previous'}}\n        </span>\n      </a>\n    {{/if}}\n\n    {{#each links}}\n      <a\n        class=\"\n          pagination-item\n          {{#if number '==' ../current}}\n            pagination-current\n          {{/if}}\n        \"\n        href=\"{{url}}\"\n        {{#unless reload}}\n          data-faceted-search-facet\n        {{/unless}}\n      >\n        {{number}}\n      </a>\n    {{/each}}\n\n    {{#if next}}\n      <a\n        class=\"pagination-item pagination-next\"\n        href=\"{{next}}\"\n        {{#unless reload}}\n          data-faceted-search-facet\n        {{/unless}}\n      >\n        <svg width=\"7\" height=\"12\" viewBox=\"0 0 7 12\" xmlns=\"http://www.w3.org/2000/svg\" role=\"presentation\">\n          <path d=\"M.34 10.66l.71.703L6.364 6.01 1.05.66l-.71.703L4.955 6.01\" fill=\"currentColor\"/>\n        </svg>\n        <span class=\"sr-only\">\n          {{lang 'core.pagination.next'}}\n        </span>\n      </a>\n    {{/if}}\n  </nav>\n{{/any}}\n","core/amp/category/product-item":"<article class=\"amp-grid-item amp-product-grid-item\">\n  {{#if price.saved}}\n    {{#unless out_of_stock_message}}\n      <div class=\"product-badge product-badge-sale\">\n        {{lang 'core.product.sale'}}\n      </div>\n    {{/unless}}\n  {{/if}}\n  {{#if out_of_stock_message}}\n    <div class=\"product-badge product-badge-sold-out\">\n      {{lang 'core.product.sold_out'}}\n    </div>\n  {{/if}}\n\n  <div class=\"amp-grid-item-image-container amp-image-{{ image_ratio }}\">\n    <a class=\"amp-grid-item-link\" href=\"{{url}}\">\n      <amp-img\n        class=\"amp-grid-item-image amp-{{ image_cropping }}\"\n        src=\"{{getImage image 'amp-product-image' (cdn default)}}\"\n        layout=\"fill\"\n        alt=\"{{img.alt}}\"\n      ></amp-img>\n    </a>\n  </div>\n\n  {{#all show_rating num_reviews}}\n    {{> core/amp/common/ratings rating=rating}}\n  {{/all}}\n\n  <h2 class=\"amp-grid-item-name\">\n    <a href=\"{{url}}\">{{name}}</a>\n  </h2>\n\n  {{> core/amp/common/price as_low_as=as_low_as}}\n</article>\n","core/amp/layout/amp":"<!doctype html>\n<html amp class=\"no-js\" lang=\"{{ locale_name }}\">\n  <head>\n    <meta charset=\"utf-8\">\n    <script async src=\"https://cdn.ampproject.org/v0.js\"></script>\n    <meta name=\"viewport\" content=\"width=device-width, initial-scale=1, minimum-scale=1, maximum-scale=1\">\n    <style amp-boilerplate>body{-webkit-animation:-amp-start 8s steps(1,end) 0s 1 normal both;-moz-animation:-amp-start 8s steps(1,end) 0s 1 normal both;-ms-animation:-amp-start 8s steps(1,end) 0s 1 normal both;animation:-amp-start 8s steps(1,end) 0s 1 normal both}@-webkit-keyframes -amp-start{from{visibility:hidden}to{visibility:visible}}@-moz-keyframes -amp-start{from{visibility:hidden}to{visibility:visible}}@-ms-keyframes -amp-start{from{visibility:hidden}to{visibility:visible}}@-o-keyframes -amp-start{from{visibility:hidden}to{visibility:visible}}@keyframes -amp-start{from{visibility:hidden}to{visibility:visible}}</style><noscript><style amp-boilerplate>body{-webkit-animation:none;-moz-animation:none;-ms-animation:none;animation:none}</style></noscript>\n    <title>{{ head.title }}</title>\n    {{{ head.meta_tags }}}\n    {{{ head.config }}}\n    {{#block 'head'}} {{/block}}\n    <link href=\"{{ head.favicon }}\" rel=\"shortcut icon\">\n    <link href=\"https://fonts.googleapis.com/css?family=Karla:400|Roboto:400\" rel=\"stylesheet\">\n    {{#block 'amp-style'}} {{/block}}\n    {{{head.rsslinks}}}\n    {{inject 'themeSettings' theme_settings}}\n    {{inject 'genericError' (lang 'common.generic_error')}}\n    {{inject 'maintenanceMode' settings.maintenance}}\n    {{inject 'urls' urls}}\n    {{{snippet 'htmlhead'}}}\n    <script async custom-element=\"amp-form\" src=\"https://cdn.ampproject.org/v0/amp-form-0.1.js\"></script>\n    <script async custom-element=\"amp-sidebar\" src=\"https://cdn.ampproject.org/v0/amp-sidebar-0.1.js\"></script>\n    <script async custom-element=\"amp-accordion\" src=\"https://cdn.ampproject.org/v0/amp-accordion-0.1.js\"></script>\n    {{#if settings.amp_analytics_id}}\n      <script async custom-element=\"amp-analytics\" src=\"https://cdn.ampproject.org/v0/amp-analytics-0.1.js\"></script>\n    {{/if}}\n    {{#block 'amp-scripts'}}{{/block}}\n  </head>\n  <body>\n    {{#block 'page'}} {{/block}}\n  </body>\n</html>\n","core/amp/css/base":"*,\n*:after,\n*:before {\n  box-sizing: border-box;\n}\n\nhtml {\n  font-size: 16px;\n}\n\nhtml,\nbody {\n  height: auto;\n}\n\nbody {\n  font-size: 1rem;\n  font-family: -apple-system, BlinkMacSystemFont, \"Segoe UI\", Roboto, Helvetica, Arial, sans-serif;\n  font-weight: 400;\n  line-height: 1.6;\n  color: {{color_text}};\n  background: {{body_background}};\n  padding-top: 55px;\n  -webkit-font-smoothing: antialiased;\n  -moz-osx-font-smoothing: grayscale;\n}\n\nul {\n  margin: 0;\n  padding: 0;\n}\n\nli {\n  padding: 0;\n  margin: 0;\n}\n\na {\n  color: {{color_accent}};\n  line-height: inherit;\n  text-decoration: none;\n}\n\na:hover,\na:focus {\n  opacity: 0.7;\n}\n\n*:focus {\n  outline: 0;\n}\n\np {\n  margin-bottom: 1.5rem;\n}\n\nh1,\nh2,\nh3,\nh4,\nh5,\nh6 {\n  color: {{color_headings}};\n  font-family: -apple-system, BlinkMacSystemFont, \"Segoe UI\", Roboto, Helvetica, Arial, sans-serif;\n  letter-spacing: .25px;\n  margin-bottom: .78571rem;\n  margin-top: 2.28571rem;\n}\n\nh1 {\n  font-size: 28px;\n}\n\nh2 {\n  font-size: 25px\n}\n\nh3 {\n  font-size: 22px;\n}\n\nh4 {\n  font-size: 20px;\n}\n\nh5 {\n  font-size: 15px;\n}\n\nh6 {\n  font-size: 13px;\n  text-transform: uppercase;\n}\n\nhr {\n  border: solid {{color_borders}};\n  border-width: 1px 0 0;\n  clear: both;\n  height: 0;\n  margin: 2rem 0 1.92857rem;\n}\n\nul,\nol,\ndl {\n  list-style-position: outside;\n  margin-bottom: 1.5rem;\n}\n\nul ul,\nul ol,\nol ul,\nol ol {\n  margin-left: 1.2rem;\n  margin-bottom: 0;\n}\n\nul {\n  margin-left: 1.15rem;\n}\n\nol {\n  margin-left: 1.15rem;\n}\n\ndl dt {\n  font-weight: 700;\n  margin-bottom: .35714rem;\n}\n\ndl dd {\n  margin-bottom: 1.5rem;\n}\n\nabbr,\nacronym {\n  border-bottom: 1px dotted {{color_borders}};\n  color: {{color_text}};\n  cursor: help;\n  font-size: 90%;\n  text-transform: uppercase;\n}\n\nabbr {\n  text-transform: none;\n}\n\nblockquote,\nblockquote p {\n  font-size: 22px;\n  line-height: 29px;\n}\n\ncite {\n  color: {{color_accent}};\n  display: block;\n  font-size: 1rem;\n  line-height: 1.5;\n}\n\n.body {\n  margin-bottom: 6rem;\n  margin-top: 1.5rem;\n}\n\n.container {\n  margin-left: auto;\n  margin-right: auto;\n  max-width: 91.71429rem;\n  padding: 0 1.5rem;\n  position: relative;\n}\n\n.sr-only {\n  position: absolute;\n  width: 1px;\n  height: 1px;\n  padding: 0;\n  margin: -1px;\n  overflow: hidden;\n  clip: rect(0,0,0,0);\n  border: 0;\n}\n","core/amp/css/header":".amp-header {\n  position: fixed;\n  top: 0;\n  z-index: 20;\n  display: flex;\n  align-items: center;\n  justify-content: space-between;\n  width: 100%;\n  height: 55px;\n  color: {{header_text}};\n  background-color: {{header_background}};\n  border-bottom: 1px solid {{color_borders}};\n}\n\n.amp-header a {\n  color: {{header_text}};\n}\n\n.amp-mini-cart,\n.amp-header-button {\n  z-index: 10;\n}\n\n.amp-mini-cart {\n  margin-right: 15px;\n}\n\n.amp-header-button {\n  position: relative;\n  display: flex;\n  align-self: center;\n  justify-content: center;\n  flex-shrink: 0;\n  width: 18px;\n  height: 12px;\n  margin-left: 15px;\n  cursor: pointer;\n  background-color: transparent;\n  border: 0;\n}\n\n.amp-header-close {\n  position: absolute;\n  right: 0;\n  padding: 10px;\n  margin-left: 0;\n}\n\n.close,\n.burger {\n  position: absolute;\n  display: block;\n  width: 100%;\n  height: 1px;\n  margin-top: -1px;\n}\n\n.burger {\n  background-color: {{header_text}};\n}\n\n.burger-top {\n  top: 0;\n}\n\n.burger-bottom {\n  top: 100%;\n}\n\n.burger-middle {\n  top: 50%;\n}\n\n.close {\n  background-color: {{color_text}};\n}\n\n.close-left {\n  top: 50%;\n  transform: rotate(-45deg);\n}\n\n.close-right {\n  top: 50%;\n  transform: rotate(45deg);\n}\n\n.arrow-down {\n  position: absolute;\n  display: inline-flex;\n  align-items: center;\n  justify-content: center;\n  right: 0px;\n\ttransform: rotate(90deg);\n  padding: 4px 8px 8px;\n}\n\n.amp-header-link {\n  display: inline-block;\n  text-decoration: none;\n}\n\n.amp-header-logo {\n  position: absolute;\n  width: 100%;\n  text-align: center;\n}\n\n.amp-header-logo-container {\n  position: relative;\n  width: 150px;\n  height: 50px;\n}\n\namp-img.amp-header-logo-image img {\n  object-fit: contain;\n}\n\n.amp-empty-space {\n  width: 3.92857rem;\n}\n\n.amp-header-logo-text {\n  display: block;\n  font-family: \"Oswald\", Arial, Helvetica, sans-serif;\n  font-size: 20px;\n  font-weight: 300;\n  letter-spacing: .35714rem;\n  margin-left: auto;\n  margin-right: auto;\n  overflow: hidden;\n  padding: .21429rem 0;\n  text-overflow: ellipsis;\n  text-transform: uppercase;\n  white-space: nowrap;\n}\n\n.banners {\n  background-color: {{header_background}};\n  color: {{header_text}};\n  padding: .78571rem 0;\n  text-align: center;\n}\n\n.banners p:last-child {\n  margin-bottom: 0;\n}\n\n.banners a {\n  color: {{header_text}};\n}\n\n.banner {\n  margin: 0 auto;\n  max-width: 85.71429rem;\n  width: 100%;\n}\n\n.banner:before,\n.banner:after {\n  content: \" \";\n  display: table;\n}\n\n.banner:after {\n  clear: both;\n}\n\n.banner + .banner {\n  margin-top: 1.5rem;\n}\n\n.form-fieldset {\n  border-width: 0;\n  margin: 0;\n  padding: 0;\n}\n\n.amp-navigation-header {\n  display: block;\n  position: relative;\n  margin-bottom: 1rem;\n}\n\n.amp-navigation {\n  height: 100%;\n  min-width: 200px;\n  padding: 1rem;\n  background-color: {{body_background}};\n  overflow-y: auto;\n}\n\n.amp-navigation-list {\n  margin: 0;\n  padding: 0;\n  list-style: none;\n}\n\n.amp-page-navigation-list {\n  margin-top: 1rem;\n}\n\n.amp-navigation-list + .amp-navigation-list {\n  border-top: 1px solid {{color_borders}};\n  padding-top: 1rem;\n}\n\n.amp-navigation-list + .amp-navigation-utilities {\n  padding-top: 1.25rem;\n  margin-top: 1rem;\n}\n\n.amp-navigation-link {\n  display: block;\n  font-size: 15px;\n  font-weight: 500;\n  color: {{color_text}};\n  padding: .78571rem 0;\n  text-decoration: none;\n}\n\n.amp-navigation-tier-item.has-children > .amp-navigation-link {\n  color: {{color_text}};\n}\n\n.amp-navigation-link[aria-expanded=\"true\"] .arrow-down {\n  transform: rotate(-90deg);\n}\n\n.amp-category-navigation-list .amp-navigation-item > .amp-navigation-link {\n  color: {{color_text}};\n}\n\n.amp-currency-header,\n.amp-navigation-link.is-active {\n  color: {{color_text}};\n}\n\n.amp-navigation-link.is-active {\n  color: {{color_text}};\n  font-weight: 700;\n}\n\n.amp-currency-header,\n.parent-link {\n  background: transparent;\n  border: 0;\n}\n\n.amp-currency-dropdown {\n  border: 1px solid {{ color_borders }};\n  border-radius: 3px;\n  padding-left: 12px;\n  padding-right: 8px;\n  margin-bottom: 4px;\n}\n\n.amp-currency-header {\n  padding: 0.6rem 0;\n}\n\n.amp-currency-header .arrow-down {\n  right: 0;\n}\n\n.amp-navigation-currency-list {\n  margin-left: -12px;\n  margin-right: -8px;\n}\n\n.amp-navigation-currency-item a {\n  display: block;\n  padding: 8px 12px;\n\n  display: block}\n\n.amp-navigation-tier-item {\n  background: #fff;\n}\n\n.amp-navigation-list-tier {\n  position: relative;\n}\n\n.amp-navigation-list-tier .amp-navigation-tier-item {\n  padding-left: 0.75rem;\n}\n\n.amp-navigation-tier-item.has-children .amp-navigation-tier-item {\n  color: {{color_text}};\n  font-weight: 500;\n}\n\n.amp-navigation-list-tier .amp-navigation-link.is-active {\n  border-top: 0;\n  font-weight: 700;\n}\n\n.amp-active-currency {\n  color: {{color_text}};\n  font-weight: 700;\n}\n\n.amp-navigation-currency-list {\n  list-style: none;\n}\n\n.amp-navigation-currency-item a {\n  color: {{color_text}};\n}\n\n.amp-store-credit {\n  text-transform: none;\n  padding: 1.25rem 0;\n  margin-top: 0.5rem;\n  border-top: 1px solid {{color_borders}};\n}\n\n.amp-store-credit:hover {\n  opacity: 1;\n}\n\n.amp-account-link {\n  display: inline-block;\n}\n\n{{#block 'amp-custom-header-styles'}}{{/block}}\n","core/amp/css/footer":".amp-footer {\n  display: flex;\n  flex-wrap: wrap;\n  justify-content: space-between;\n  padding: 0.5rem 1.5rem 2.5rem;\n  color: {{footer_text}};\n  background: {{footer_background}};\n}\n\n.amp-footer a {\n  color: {{footer_text}};\n}\n\n.amp-footer-section {\n  width: 50%;\n}\n\n.amp-footer-heading {\n  margin-top: 1.5rem;\n  font-size: 16px;\n  color: {{footer_text}};\n}\n\n.amp-footer-list {\n  margin: 0;\n  padding: 0;\n  list-style: none;\n}\n\n.amp-footer-list li {\n  padding: .25rem 0;\n}\n\n.amp-footer-credits {\n  width: 100%;\n  margin-top: 1.5rem;\n  text-align: center;\n}\n\n.amp-footer-credits p {\n  margin: 0;\n}\n\n{{#block 'amp-custom-footer-styles'}}{{/block}}\n","core/amp/css/category":".amp-product-catalog-header {\n  max-width: 91.71429rem;\n  padding: 0.5rem 1.5rem;\n  margin-left: auto;\n  margin-right: auto;\n}\n\n.amp-product-catalog-header p {\n  margin: 0;\n}\n\n.amp-product-catalog-header a {\n  text-decoration: underline;\n}\n\n.amp-product-catalog-empty {\n  text-align: center;\n}\n\n.amp-product-catalog-image {\n  padding: 0 0 1rem;\n}\n\n.amp-product-catalog-image-title {\n  font-size: 20px;\n  margin: 7px 0;\n  text-align: center;\n}\n\n.amp-product-catalog-content {\n  margin: 0 1.5rem 3rem;\n}\n\n.amp-product-grid {\n  display: flex;\n  flex-wrap: wrap;\n  list-style: none;\n  margin: 0;\n  padding: 0;\n  justify-content: space-between;\n}\n\n.amp-product-item {\n  width: calc(50% - 10px);\n  margin-top: 1.5rem;\n}\n\n.columns-one .amp-product-item {\n  width: 100%;\n}\n\n.alignment-center .amp-product-item {\n  text-align: center;\n}\n\n.alignment-right .amp-product-item {\n  text-align: right;\n}\n\n.amp-product-grid-item {\n  position: relative;\n}\n\n.product-badge {\n  position: absolute;\n  top: 0;\n  left: 0;\n  z-index: 1;\n  padding: 0.25rem 0.5rem;\n  color: #fff;\n  background: {{color_accent}};\n}\n\n.amp-grid-item-image-container {\n  margin: 0 0 15px 0;\n  padding: 0;\n  width: 100%;\n  position: relative;\n}\n\n.amp-grid-item-image-container.amp-image-ratio-4-3 {\n  padding-bottom: 75%\n}\n\n.amp-grid-item-image-container.amp-image-ratio-1-1 {\n  padding-bottom: 100%\n}\n\n.amp-grid-item-image-container.amp-image-ratio-3-4 {\n  padding-bottom: 133.333%\n}\n\namp-img.amp-grid-item-image img {\n  object-fit: cover;\n}\n\namp-img.amp-grid-item-image.amp-image-contain img {\n  object-fit: contain;\n}\n\n.amp-grid-item-image {\n  max-width: 100%;\n}\n\n.amp-rating-stars {\n  margin-top: 12px;\n  color: {{color_accent}};\n}\n\n.icon-star-full {\n  color: inherit;\n}\n\n.amp-grid-item-name {\n  font-size: 16px;\n  padding-right: 1rem;\n  margin-top: 0px;\n  margin-bottom: 0;\n}\n\n.amp-grid-item-name a {\n  color: {{color_headings}};\n}\n\n.price {\n  color: {{color_text}};\n  opacity: 0.5;\n}\n\n.price-withtax {\n  display: block;\n}\n\n.price-withouttax {\n  display: block;\n}\n\n.price-tax-label {\n  margin-left: 0.5rem;\n}\n\n.price-saved {\n  display: block;\n  margin-top: 1rem;\n  font-size: 1.25rem;\n}\n\n.price-value {\n  display: inline-block;\n}\n\n.price-rrp {\n  text-decoration: line-through;\n}\n\n.price-is-discounted {\n  text-decoration: line-through;\n}\n\n.pagination {\n  position: relative;\n  display: flex;\n  justify-content: center;\n  margin-top: 2rem;\n}\n\n.pagination-item {\n  display: inline-flex;\n  justify-content: center;\n  align-items: center;\n  width: 2rem;\n  height: 2rem;\n  margin-right: 0.5rem;\n  margin-left: 0.5rem;\n  color: {{color_text}};\n  border: 1px solid {{color_borders}};\n  transition: all 0.3s ease;\n  opacity: 0.5;\n}\n\n.pagination-link {\n  display: block;\n  padding: 3px 10px;\n}\n\n.pagination-item.pagination-current {\n  border-color: transparent;\n  background: {{color_accent}};\n  color: #fff;\n  opacity: 1;\n}\n\n.amp-subcategories-container {\n  margin: 0 1.5rem;\n  padding: 1.5rem 0;\n  border-top: 1px solid {{color_borders}};\n}\n\n.amp-subcategories-heading {\n  margin-top: 0;\n  font-size: 16px;\n}\n\n.amp-subcategories-list {\n  list-style: none;\n  margin: 0;\n}\n\n.amp-subcategories-list-item {\n  margin: 0;\n  padding: 0.25rem 0;\n  color: {{color_text}};\n}\n\n.amp-subcategories-list-item a {\n  color: inherit;\n}\n","core/amp/common/logo":"<a href=\"{{urls.home}}\" class=\"amp-header-link\">\n  {{#if settings.store_logo.image}}\n    <div class=\"amp-header-logo-container\">\n      <amp-img\n        class=\"amp-header-logo-image\"\n        src=\"{{getImage settings.store_logo.image 'thumb'}}\"\n        layout=\"fill\"\n        alt=\"{{settings.store_logo.title}}\"\n      >\n      </amp-img>\n    </div>\n  {{else}}\n    <span class=\"amp-header-logo-text\">\n      {{settings.store_logo.title}}\n    </span>\n  {{/if}}\n</a>\n","core/amp/common/navigation":"<nav class=\"amp-navigation\">\n  <div class=\"amp-navigation-header\">\n    <button class=\"amp-header-button amp-header-close\" on=\"tap:amp-menu.close\">\n      <div class=\"close close-left\"></div>\n      <div class=\"close close-right\"></div>\n      <span class=\"sr-only\">{{lang 'core.amp.header.menu_close'}}</span>\n    </button>\n  </div>\n  <ul class=\"amp-navigation-list amp-category-navigation-list\">\n    {{#each categories}}\n      <li class=\"amp-navigation-item\">\n        {{> core/amp/common/navigation-loop\n          show_all=true\n        }}\n      </li>\n    {{/each}}\n  </ul>\n  <ul class=\"amp-navigation-list amp-page-navigation-list\">\n    {{#each pages}}\n      <li class=\"amp-navigation-item\">\n        {{> core/amp/common/navigation-loop\n          show_all=false\n        }}\n      </li>\n    {{/each}}\n    {{#if settings.gift_certificates_enabled}}\n      <li class=\"amp-navigation-item\">\n        <a class=\"amp-navigation-link\" href=\"{{urls.gift_certificate.purchase}}\">\n          {{lang 'core.amp.header.gift_certificate'}}\n        </a>\n      </li>\n    {{/if}}\n  </ul>\n  <ul class=\"amp-navigation-list amp-navigation-utilities\">\n    {{#if currency_selector.currencies.length '>' 1}}\n      <amp-accordion class=\"amp-currency-dropdown\" disable-session-states>\n        <section>\n          <h5\n            class=\"amp-navigation-link has-sub-menu amp-currency-header\"\n          >\n            {{lang 'core.amp.header.currency' code=currency_selector.active_currency_code}}\n            <span class=\"arrow-down\">\n              <svg width=\"9\" height=\"14\" viewBox=\"0 0 7 12\" xmlns=\"http://www.w3.org/2000/svg\" role=\"presentation\">\n                <path d=\"M.34 10.66l.71.703L6.364 6.01 1.05.66l-.71.703L4.955 6.01\" fill=\"currentColor\"/>\n              </svg>\n            </span>\n          </h5>\n          <ul class=\"amp-navigation-currency-list\">\n            {{#each currency_selector.currencies}}\n              <li class=\"amp-navigation-currency-item\">\n                <a\n                  class=\"amp-navigation-currency-switch\"\n                  href=\"{{{switch_url}}}\"\n                >\n                  <span {{#if is_active}}class=\"amp-active-currency\"{{/if}}>\n                    {{name}}\n                  </span>\n                </a>\n              </li>\n            {{/each}}\n          </ul>\n        </section>\n      </amp-accordion>\n    {{/if}}\n    {{#if settings.account_creation_enabled}}\n      {{#if customer}}\n        <li class=\"amp-navigation-item\">\n          <a\n            class=\"amp-navigation-link has-sub-menu\"\n            href=\"{{urls.account.index}}\"\n            data-collapsible=\"amp-navigation-account\"\n          >\n            {{lang 'core.amp.header.account'}}\n          </a>\n        </li>\n        <li class=\"amp-navigation-item\">\n          <a class=\"amp-navigation-link\" href=\"{{urls.auth.logout}}\">\n            {{lang 'core.amp.header.logout'}}\n          </a>\n        </li>\n        {{#if customer.store_credit.value '>' 0}}\n          <li class=\"amp-navigation-item\">\n            <a class=\"amp-navigation-link amp-store-credit\">\n              {{lang 'core.amp.header.store_credit' store_credit=customer.store_credit.formatted}}\n            </a>\n          </li>\n        {{/if}}\n      {{else}}\n        <li class=\"amp-navigation-item\">\n          <a class=\"amp-navigation-link\" href=\"{{urls.auth.login}}\">\n            {{lang 'core.amp.header.account'}}\n          </a>\n        </li>\n      {{/if}}\n    {{/if}}\n  </ul>\n</nav>\n","core/amp/common/ratings":"{{!--\n  Display rating as series of stars\n\n  @param rating\n    The Rating value to display.\n--}}\n\n<div\n  class=\"rating-stars amp-rating-stars\"\n  aria-label=\"{{lang 'product.reviews.rating_stars' rating=rating}}\"\n>\n  {{#for 1 5}}\n    {{#if ../rating '>=' $index}}\n      <svg\n        class=\"icon-star-full\"\n        width=\"15\"\n        height=\"14\"\n        viewBox=\"0 0 15 14\"\n        xmlns=\"http://www.w3.org/2000/svg\"\n        role=\"presentation\"\n      >\n        <path d=\"M7.083 11.374l4.38 2.302-.837-4.876 3.543-3.454-4.898-.71L7.082.197l-2.19 4.437-4.895.71L3.54 8.8l-.837 4.876\" fill-rule=\"nonzero\" fill=\"currentColor\"/>\n      </svg>\n    {{else}}\n      <svg\n        width=\"15\"\n        height=\"14\"\n        viewBox=\"0 0 15 14\"\n        xmlns=\"http://www.w3.org/2000/svg\"\n        role=\"presentation\"\n      >\n        <path d=\"M7.083 10.12l3.14 1.65-.6-3.497 2.542-2.477-3.512-.51-1.57-3.183-1.57 3.183L2 5.796l2.542 2.477-.6 3.497 3.14-1.65zm0 1.05l-4.378 2.302.836-4.874L0 5.146l4.894-.71L7.084 0 9.27 4.435l4.895.71-3.54 3.453.835 4.874-4.377-2.3z\" fill-rule=\"nonzero\" fill=\"currentColor\"/>\n      </svg>\n    {{/if}}\n  {{/for}}\n</div>\n","core/amp/common/price":"{{!\n  Product Price - Sale vs Normal, With Tax vs Without\n\n  @param this price object\n\n  @param show_savings bool (optional)\n         If true, show a label saying how much is saved from the full price.\n}}\n\n{{#if price}}\n  {{#or has_options product.options.length}}\n    <span\n      class=\"price {{> core/amp/common/price-class}}\"\n      {{#if schema}}\n        itemprop=\"offers\"\n        itemscope\n        itemtype=\"http://schema.org/Offer\"\n      {{/if}}\n    >\n      {{#if price.with_tax}}\n        <span class=\"price-withtax\" data-price=\"with-tax\">\n          {{#if page_type '!==' 'product'}}\n            {{#if as_low_as}}\n              <span class=\"as-low-as-pricing\">{{lang 'core.price.as_low_as'}}</span>\n            {{/if}}\n          {{/if}}\n          {{#if price.rrp_with_tax}}\n            <span class=\"price-rrp\" data-price-rrp=\"with-tax\">{{price.rrp_with_tax.formatted}}</span>\n          {{/if}}\n          <span class=\"price-value\" data-price-value=\"with-tax\">\n            {{price.with_tax.formatted}}\n          </span>\n          {{#if price.without_tax}}\n            <span class=\"price-tax-label\">{{lang 'core.price.with_tax' tax_label=price.tax_label}}</span>\n          {{/if}}\n        </span>\n      {{/if}}\n\n      {{#if price.without_tax}}\n        <span class=\"price-withouttax\" data-price=\"without-tax\">\n          {{#if page_type '!==' 'product'}}\n            {{#if as_low_as}}\n              <span class=\"as-low-as-pricing\">{{lang 'core.price.from'}}</span>\n            {{/if}}\n          {{/if}}\n          {{#if price.rrp_without_tax}}\n            <span class=\"price-rrp\" data-price-rrp=\"without-tax\">{{price.rrp_without_tax.formatted}}</span>\n          {{/if}}\n          <span class=\"price-value\" data-price-value=\"without-tax\">\n            {{price.without_tax.formatted}}\n          </span>\n          {{#if price.with_tax}}\n            <span class=\"price-tax-label\">{{lang 'core.price.without_tax' tax_label=price.tax_label}}</span>\n          {{/if}}\n        </span>\n      {{/if}}\n\n      {{#if show_saved}}\n        {{#if price.saved}}\n          <span class=\"price-saved\" data-price-saved>\n            {{lang 'core.price.you_save'}} {{price.saved.formatted}}\n          </span>\n        {{/if}}\n      {{/if}}\n    </span>\n  {{else}}\n    <span\n      class=\"price {{> core/amp/common/price-class}}\"\n      {{#if schema}}\n        itemprop=\"offers\"\n        itemscope\n        itemtype=\"http://schema.org/Offer\"\n      {{/if}}\n    >\n      {{#if price.with_tax}}\n        <span class=\"price-withtax\" data-price=\"with-tax\">\n          {{#if price.rrp_with_tax}}\n            <span class=\"price-rrp\" data-price-rrp=\"with-tax\">{{price.rrp_with_tax.formatted}}</span>\n          {{/if}}\n          <span class=\"price-value\" data-price-value=\"with-tax\">\n            {{price.with_tax.formatted}}\n          </span>\n          {{#if price.without_tax}}\n            <span class=\"price-tax-label\">{{lang 'core.price.with_tax' tax_label=price.tax_label}}</span>\n          {{/if}}\n        </span>\n      {{/if}}\n\n      {{#if price.without_tax}}\n        <span class=\"price-withouttax\" data-price=\"without-tax\">\n          {{#if price.rrp_without_tax}}\n            <span class=\"price-rrp\" data-price-rrp=\"without-tax\">{{price.rrp_without_tax.formatted}}</span>\n          {{/if}}\n          <span class=\"price-value\" data-price-value=\"without-tax\">\n            {{price.without_tax.formatted}}\n          </span>\n          {{#if price.with_tax}}\n            <span class=\"price-tax-label\">{{lang 'core.price.without_tax' tax_label=price.tax_label}}</span>\n          {{/if}}\n        </span>\n      {{/if}}\n\n      {{#if show_saved}}\n        {{#if price.saved}}\n          <span class=\"price-saved\" data-price-saved>\n            {{lang 'core.price.you_save' amount=price.saved.formatted}}\n          </span>\n        {{/if}}\n      {{/if}}\n    </span>\n  {{/or}}\n{{/if}}\n","core/amp/common/navigation-loop":"{{#if children}}\n  <amp-accordion disable-session-states>\n    <section>\n      <h3 class=\"amp-navigation-link parent-link {{#if is_active}}is-active{{/if}}\">\n        {{name}}\n        <span class=\"arrow-down\">\n          <svg width=\"9\" height=\"14\" viewBox=\"0 0 7 12\" xmlns=\"http://www.w3.org/2000/svg\" role=\"presentation\">\n            <path d=\"M.34 10.66l.71.703L6.364 6.01 1.05.66l-.71.703L4.955 6.01\" fill=\"currentColor\"/>\n          </svg>\n        </span>\n      </h3>\n      <ul class=\"amp-navigation-list amp-navigation-list-tier\">\n        <li class=\"amp-navigation-tier-item\">\n          <a class=\"amp-navigation-link {{#if is_active}}is-active{{/if}}\" href=\"{{url}}\">\n            {{#if show_all}}\n              {{lang 'core.amp.header.all'}} {{name}}\n            {{else}}\n              {{name}}\n            {{/if}}\n          </a>\n        <li>\n        {{#each children}}\n          <li class=\"amp-navigation-tier-item {{#if children}}has-children{{/if}}\">\n            {{> core/amp/common/navigation-loop\n              show_all=../show_all\n            }}\n          </li>\n        {{/each}}\n      </ul>\n    </section>\n  </amp-accordion>\n{{else}}\n  <a class=\"amp-navigation-link {{#if is_active}}is-active{{/if}}\" href=\"{{url}}\">\n    {{name}}\n  </a>\n{{/if}}\n","core/amp/common/price-class":"{{#if price.with_tax}}\n  {{#unless price.without_tax}}\n    {{#if price.rrp_with_tax}}\n      prices-taxed-onsale\n    {{else}}\n      prices-taxed\n    {{/if}}\n  {{/unless}}\n{{/if}}\n{{#if price.without_tax}}\n  {{#unless price.with_tax}}\n    {{#if price.rrp_without_tax}}\n      prices-notax-onsale\n    {{else}}\n      prices-notax\n    {{/if}}\n  {{/unless}}\n{{/if}}\n{{#if price.with_tax}}\n  {{#if price.without_tax}}\n    {{#if price.rrp_with_tax}}\n      prices-both-onsale\n    {{else}}\n      prices-both\n    {{/if}}\n  {{/if}}\n{{/if}}\n"}